회차,추첨일,1번,2번,3번,4번,5번,6번,보너스,1등 당첨금액,2등 당첨금액,3등 당첨금액,4등 당첨금액,5등 당첨금액
1,2002.12.07,10,23,29,33,37,40,16,0,143934100,5140500,113400,10000
2,2002.12.14,9,13,21,25,32,42,2,2002006800,94866800,1842000,100800,10000
3,2002.12.21,11,16,19,21,27,31,30,2000000000,0,1174100,54900,10000
4,2002.12.28,14,27,30,31,40,42,2,0,211191200,7282400,152100,10000
5,2003.01.04,16,24,29,40,41,42,3,0,0,6033800,166500,10000
6,2003.01.11,14,15,26,27,40,42,34,6574451700,196297600,4267300,87600,10000
7,2003.01.18,2,9,16,25,26,40,42,0,48165000,1605500,65500,10000
8,2003.01.25,8,19,25,34,37,39,9,0,131555000,2268100,110500,10000
9,2003.02.01,2,4,16,17,36,39,14,0,769456500,8743800,260000,10000
10,2003.02.08,9,25,30,33,41,44,6,6430437900,40813400,856400,27300,10000
11,2003.02.15,1,7,36,37,41,42,14,4780152300,362132700,9307100,206800,10000
12,2003.02.22,2,11,21,25,39,45,44,1348845700,99914400,1417500,70200,10000
13,2003.03.01,22,23,25,37,38,42,26,0,433309300,5777400,175600,10000
14,2003.03.08,2,6,12,31,33,40,15,9375048300,130363400,2568700,93900,10000
15,2003.03.15,3,4,16,30,31,37,13,17014245000,177231700,5571100,144600,10000
16,2003.03.22,6,7,24,37,38,40,33,4377146100,243174700,3385200,123500,10000
17,2003.03.29,3,4,9,17,32,37,1,5349491200,297193900,2342100,86700,10000
18,2003.04.05,3,12,13,19,32,35,29,0,175017300,3953700,136500,10000
19,2003.04.12,6,30,38,39,40,43,26,40722959400,297278500,5971100,150900,10000
20,2003.04.19,10,14,18,20,23,30,41,19352212800,230383400,3632100,133900,10000
21,2003.04.26,6,12,17,18,31,32,21,797475400,117576500,1522400,73600,10000
22,2003.05.03,4,5,6,8,17,39,25,4552194900,94837300,3669600,113900,10000
23,2003.05.10,5,13,17,18,33,42,44,4317947700,125157900,2098100,90300,10000
24,2003.05.17,7,8,27,29,36,43,6,0,176023700,3425300,120000,10000
25,2003.05.24,2,4,21,26,43,44,16,24227745300,175267400,4417100,166600,10000
26,2003.05.31,4,5,7,18,20,25,31,3495069900,74680900,2173500,80600,10000
27,2003.06.07,1,20,26,28,37,43,27,9543982500,198832900,5494500,189800,10000
28,2003.06.14,9,18,23,25,35,37,1,1700361100,128815200,2434600,97900,10000
29,2003.06.21,1,5,13,34,39,40,11,3552594000,174146700,3936800,139800,10000
30,2003.06.28,8,17,20,35,36,44,4,8728555500,132250800,3336600,137500,10000
31,2003.07.05,7,9,18,23,28,35,32,8106672900,93180100,2391300,92500,10000
32,2003.07.12,6,14,19,25,34,44,11,1634528300,55596200,2264500,103300,10000
33,2003.07.19,4,7,32,33,40,41,9,14903517600,60583400,2336700,95200,10000
34,2003.07.26,9,26,35,37,40,42,2,3056918000,56609500,2015300,74300,10000
35,2003.08.02,2,3,11,26,37,43,39,5054598200,105304100,2708700,107800,10000
36,2003.08.09,1,10,23,26,28,40,31,16014475800,140477800,3475300,139300,10000
37,2003.08.16,7,27,30,33,35,37,42,4985999400,124649900,2908900,107600,10000
38,2003.08.23,16,17,22,30,37,43,36,5374866400,149301800,3957900,147700,10000
39,2003.08.30,6,7,13,15,21,43,8,2623748800,104949900,3753500,135400,10000
40,2003.09.06,7,13,18,19,25,26,6,1147652400,56513100,2356900,76400,10000
41,2003.09.13,13,20,23,35,38,43,34,0,109404000,3282100,135900,10000
42,2003.09.20,17,18,19,21,23,32,1,6899280100,131479800,3275200,115700,10000
43,2003.09.27,6,31,35,38,39,44,1,17749630800,140870000,3194600,131200,10000
44,2003.10.04,3,11,21,30,38,45,39,3362155800,121817200,3569100,139700,10000
45,2003.10.11,1,10,20,27,33,35,17,8356417800,103165600,3129700,122500,10000
46,2003.10.18,8,13,15,23,31,38,39,5327758800,68304600,2554000,117700,10000
47,2003.10.25,14,17,26,31,36,45,27,3250042400,246215300,3002600,133400,10000
48,2003.11.01,6,10,18,26,37,38,3,2415673600,96626900,1888700,83200,10000
49,2003.11.08,4,7,16,19,33,40,30,1967504600,46845300,1543600,69000,10000
50,2003.11.15,2,10,12,15,22,44,1,5227061400,186680700,3164000,129700,10000
51,2003.11.22,2,3,11,16,26,44,35,2421117000,93119800,2519300,105900,10000
52,2003.11.29,2,4,15,16,20,29,1,3900844900,200043300,3887200,150000,10000
53,2003.12.06,7,8,14,32,33,39,42,5014371000,100287400,3126100,110500,10000
54,2003.12.13,1,8,21,27,36,39,37,5148626600,171620800,3580400,147700,10000
55,2003.12.20,17,21,31,37,40,44,7,7088799600,98455500,3245700,111000,10000
56,2003.12.27,10,14,30,31,33,37,19,3777570900,86840700,1853100,122300,10000
57,2004.01.03,7,10,16,25,29,44,6,4114411900,109717600,2857200,124500,10000
58,2004.01.10,10,24,25,33,40,44,1,3676429200,62844900,1859600,84200,10000
59,2004.01.17,6,29,36,39,41,45,13,4127587300,119640200,4226900,157100,10000
60,2004.01.24,2,8,25,36,39,42,11,2172504600,93873600,2329500,110800,10000
61,2004.01.31,14,15,19,30,38,43,8,3541038800,268260500,3740000,143100,10000
62,2004.02.07,3,8,15,27,29,35,21,15817286400,119827900,3179900,126400,10000
63,2004.02.14,3,20,23,36,38,40,5,7922245500,101567200,3204700,127200,10000
64,2004.02.21,14,15,18,21,26,36,39,3899818000,236352600,3993600,140000,10000
65,2004.02.28,4,25,33,36,40,43,39,3727945800,92048000,2477800,94500,10000
66,2004.03.06,2,3,7,17,22,24,45,3685138200,129303000,3125600,122200,10000
67,2004.03.13,3,7,10,15,36,38,33,2114436500,39787700,2537900,105500,10000
68,2004.03.20,10,12,15,16,26,39,38,2945882100,122745000,3255800,113400,10000
69,2004.03.27,5,8,14,15,19,39,35,4962712200,124067800,3239300,120300,10000
70,2004.04.03,5,19,22,25,28,43,26,5031277800,179688400,3508500,136700,10000
71,2004.04.10,5,9,12,16,29,41,21,0,88745200,3177500,125700,10000
72,2004.04.17,2,4,11,17,26,27,1,3260524600,104081800,1824500,80300,10000
73,2004.04.24,3,12,18,32,40,43,38,2766662100,106410000,2029800,99500,10000
74,2004.05.01,6,15,17,18,35,40,23,5284949800,66061800,2588100,109100,10000
75,2004.05.08,2,5,24,32,34,44,28,3914616900,137354900,3194300,127900,10000
76,2004.05.15,1,3,15,22,25,37,43,7451022600,146098400,2956700,111600,10000
77,2004.05.22,2,18,29,32,43,44,37,5155758600,135677800,3615500,139200,10000
78,2004.05.29,10,13,25,29,33,35,38,3519850000,106662100,2578600,110500,10000
79,2004.06.05,3,12,24,27,30,32,14,3416443800,73471910,1904373,92154,10000
80,2004.06.12,17,18,24,25,26,30,1,13809540000,143849375,2651602,114362,10000
81,2004.06.19,5,7,11,13,20,33,6,2714288880,113095370,2162436,87580,10000
82,2004.06.26,1,2,3,14,27,42,39,14562494400,121354120,3810177,134320,10000
83,2004.07.03,6,10,15,17,19,34,14,7086948300,157487740,2775930,102880,10000
84,2004.07.10,16,23,27,34,42,45,11,7669779000,150387824,4026131,157805,10000
85,2004.07.17,6,8,13,23,31,36,21,3462109800,74453975,2804464,110577,10000
86,2004.07.24,2,12,37,39,41,45,33,14252186400,148460275,3887667,135515,10000
87,2004.07.31,4,12,16,23,34,43,26,1799358055,99964337,2639059,120466,10000
88,2004.08.07,1,17,20,24,30,41,27,3069709650,66015262,1729902,63321,5000
89,2004.08.14,4,26,28,29,33,40,37,4248321900,70805365,1585195,58463,5000
90,2004.08.21,17,20,29,35,38,44,10,3291435300,64537948,1691820,64645,5000
91,2004.08.28,1,21,24,26,29,42,27,3582902400,74643800,1982242,74431,5000
92,2004.09.04,3,14,24,33,35,36,17,1233270846,45219931,1393098,57011,5000
93,2004.09.11,6,22,24,36,38,44,19,2269178150,87276083,1552106,66160,5000
94,2004.09.18,5,32,34,40,41,45,6,2245339950,59087894,1659527,63155,5000
95,2004.09.25,8,17,27,31,34,43,14,1747741238,48548368,1348566,56540,5000
96,2004.10.02,1,3,8,21,22,31,20,1847133515,56710240,1800326,66002,5000
97,2004.10.09,6,7,14,15,20,36,3,1496214000,48789587,1454518,58123,5000
98,2004.10.16,6,9,16,23,24,32,43,3177972300,47081072,1126941,48251,5000
99,2004.10.23,1,3,10,27,29,37,11,2169219050,54230477,1372056,56196,5000
100,2004.10.30,1,7,11,23,37,42,6,3315315525,61394732,1431484,57484,5000
101,2004.11.06,1,3,17,32,35,45,8,2707297500,59370560,1605752,61634,5000
102,2004.11.13,17,22,24,26,35,40,42,1457153067,91072067,1616664,57919,5000
103,2004.11.20,5,14,15,27,30,45,10,1691589563,59354020,1424797,59679,5000
104,2004.11.27,17,32,33,34,42,44,35,6610743750,95807881,1704240,61361,5000
105,2004.12.04,8,10,20,34,41,45,28,3416781450,87609781,1711386,65904,5000
106,2004.12.11,4,10,12,22,24,33,29,810461157,54030744,1051182,46205,5000
107,2004.12.18,1,4,5,6,9,31,17,6679927800,63618360,1020928,48590,5000
108,2004.12.25,7,18,22,23,29,44,12,1998900772,56879291,1595111,65853,5000
109,2005.01.01,1,5,34,36,42,44,33,1246838200,80441175,1670246,68153,5000
110,2005.01.08,7,20,22,23,29,43,1,4566262000,60082395,1640181,61980,5000
111,2005.01.15,7,18,31,33,36,40,27,2199047450,43118578,1268194,50633,5000
112,2005.01.22,26,29,30,33,41,42,43,1567271167,73465836,1715991,66933,5000
113,2005.01.29,4,9,28,33,36,45,26,1561528934,54471940,1583701,64428,5000
114,2005.02.05,11,14,19,26,28,41,2,2362345050,57618172,1584404,60185,5000
115,2005.02.12,1,2,6,9,25,28,31,1488589567,65673070,1122053,48739,5000
116,2005.02.19,2,4,25,31,34,37,17,1997747315,41619736,1343346,50725,5000
117,2005.02.26,5,10,22,34,36,44,35,1558378334,46751350,1423610,59662,5000
118,2005.03.05,3,4,10,17,19,22,38,1297989720,52763810,1294624,51983,5000
119,2005.03.12,3,11,13,14,17,21,38,1474899400,45149982,1142743,51856,5000
120,2005.03.19,4,6,10,11,32,37,30,4364530300,70395650,1359667,54286,5000
121,2005.03.26,12,28,30,34,38,43,9,6839648100,73544604,1698870,67589,5000
122,2005.04.02,1,11,16,17,36,40,8,1450073800,57239756,1550329,59989,5000
123,2005.04.09,7,17,18,28,30,45,27,2532982680,55547866,1429126,58036,5000
124,2005.04.16,4,16,23,25,29,42,1,1395936267,56592011,1359679,55808,5000
125,2005.04.23,2,8,32,33,35,36,18,1754870786,56870813,1417832,55140,5000
126,2005.04.30,7,20,22,27,40,43,1,1369301500,58684350,1427347,57558,5000
127,2005.05.07,3,5,10,29,32,43,35,1965939150,45719516,1537091,58532,5000
128,2005.05.14,12,30,34,36,37,45,39,2064043100,89741005,1731580,65221,5000
129,2005.05.21,19,23,25,28,38,42,17,1093629655,40099754,1361160,56381,5000
130,2005.05.28,7,19,24,27,42,45,31,3036496650,67477704,1590206,63672,5000
131,2005.06.04,8,10,11,14,15,21,37,1451214488,58634929,1176264,52372,5000
132,2005.06.11,3,17,23,34,41,45,43,2920473525,57264187,1408816,59653,5000
133,2005.06.18,4,7,15,18,23,26,13,1450242600,37914840,1319002,50709,5000
134,2005.06.25,3,12,20,23,31,35,43,2349155100,39152585,1366106,56175,5000
135,2005.07.02,6,14,22,28,35,39,16,1717293515,71553897,1406959,60529,5000
136,2005.07.09,2,16,30,36,41,42,11,1997694150,76834391,1561919,59639,5000
137,2005.07.16,7,9,20,25,36,39,15,1270403467,47640130,1207608,52255,5000
138,2005.07.23,10,11,27,28,37,39,19,2227152000,57998750,1483582,60623,5000
139,2005.07.30,9,11,15,20,28,43,13,1650210215,68758759,1706778,67233,5000
140,2005.08.06,3,13,17,18,19,28,8,2109462840,51702521,1341898,54617,5000
141,2005.08.13,8,12,29,31,42,43,2,1900552400,65536290,1661323,65308,5000
142,2005.08.20,12,16,30,34,40,44,19,1018265564,66672150,1407859,57795,5000
143,2005.08.27,26,27,28,42,43,45,8,3954584700,56494068,1672837,69221,5000
144,2005.09.03,4,15,17,26,36,37,43,1402440413,49208436,1248279,50416,5000
145,2005.09.10,2,3,13,20,27,44,9,3797838200,49971556,1560328,60169,5000
146,2005.09.17,2,19,27,35,41,42,25,6043415250,59249170,1456596,64439,5000
147,2005.09.24,4,6,13,21,40,42,36,1700040215,56668008,1632412,63558,5000
148,2005.10.01,21,25,33,34,35,36,17,2323596420,55323725,1634035,61124,5000
149,2005.10.08,2,11,21,34,41,42,27,1639052143,44470407,1632987,63267,5000
150,2005.10.15,2,18,25,28,37,39,16,2831645850,41038346,1475969,57907,5000
151,2005.10.22,1,2,10,13,18,19,15,2716634025,40246430,1214681,53073,5000
152,2005.10.29,1,5,13,26,29,34,43,2278131840,63281440,1603415,62986,5000
153,2005.11.05,3,8,11,12,13,36,33,2730526125,35006746,1258888,50875,5000
154,2005.11.12,6,19,21,35,40,45,20,2836628700,59096432,1590485,62847,5000
155,2005.11.19,16,19,20,32,33,41,4,1193005734,48365098,1390450,56917,5000
156,2005.11.26,5,18,28,30,42,45,2,1401099900,62271107,1518808,62789,5000
157,2005.12.03,19,26,30,33,35,39,37,5484903750,65296474,1582945,59313,5000
158,2005.12.10,4,9,13,18,21,34,7,1069544340,39612754,1175841,52499,5000
159,2005.12.17,1,18,30,41,42,43,32,1755407300,73141971,1639036,63911,5000
160,2005.12.24,3,7,8,34,39,41,1,5490805350,57195890,1696264,62382,5000
161,2005.12.31,22,34,36,40,42,45,44,1996876272,33275487,1517999,63303,5000
162,2006.01.07,1,5,21,25,38,41,24,2308265760,58289540,1641259,62857,5000
163,2006.01.14,7,11,26,28,29,44,16,1629726515,40454205,1367876,57095,5000
164,2006.01.21,6,9,10,11,39,41,27,4054937900,51986384,1246906,54186,5000
165,2006.01.28,5,13,18,19,22,42,31,6767426700,56395223,1469583,57240,5000
166,2006.02.04,9,12,27,36,39,45,14,1111299982,72763690,1351947,57594,5000
167,2006.02.11,24,27,28,30,36,39,4,2491222920,57667198,1581127,64666,5000
168,2006.02.18,3,10,31,40,42,43,30,2349946920,36264613,1268322,52569,5000
169,2006.02.25,16,27,35,37,43,45,19,2482888380,66744312,1766929,65994,5000
170,2006.03.04,2,11,13,15,31,42,10,1923108250,71226232,1469144,57381,5000
171,2006.03.11,4,16,25,29,34,35,1,1961339700,103228406,1420232,54893,5000
172,2006.03.18,4,19,21,24,26,41,35,1081154073,104321885,1553383,60564,5000
173,2006.03.25,3,9,24,30,33,34,18,1487736788,31486493,1369924,50637,5000
174,2006.04.01,13,14,18,22,35,39,16,1771103058,79472574,1559462,63580,5000
175,2006.04.08,19,26,28,31,33,36,17,2371132620,41165497,1466922,58473,5000
176,2006.04.15,4,17,30,32,33,34,15,2314663080,48222148,1256604,50305,5000
177,2006.04.22,1,10,13,16,37,43,6,1693285500,65849992,1567857,61316,5000
178,2006.04.29,1,5,11,12,18,23,9,2254621080,42701157,1199778,50364,5000
179,2006.05.06,5,9,17,25,39,43,32,1081093920,33996665,1170016,51514,5000
180,2006.05.13,2,15,20,21,29,34,22,5763371550,54889253,1496203,61109,5000
181,2006.05.20,14,21,23,32,40,45,44,1941763300,80906805,1574829,64046,5000
182,2006.05.27,13,15,27,29,34,40,35,3721439400,42289085,1515245,63071,5000
183,2006.06.03,2,18,24,34,40,42,5,1777221500,71088860,1373433,52944,5000
184,2006.06.10,1,2,6,16,20,33,41,1747753050,56379131,1313113,55183,5000
185,2006.06.17,1,2,4,8,19,38,14,3522485800,51801262,1434237,53422,5000
186,2006.06.24,4,10,14,19,21,45,9,1187882600,38735303,1524230,60849,5000
187,2006.07.01,1,2,8,18,29,38,42,1544733900,94852082,1438300,60295,5000
188,2006.07.08,19,24,27,30,31,34,36,3501405200,53051594,1326290,57188,5000
189,2006.07.15,8,14,32,35,37,45,28,3461775100,52451138,1595289,66327,5000
190,2006.07.22,8,14,18,30,31,44,15,1784159450,54065438,1756063,66337,5000
191,2006.07.29,5,6,24,25,32,37,8,2577114675,74698977,1500504,57606,5000
192,2006.08.05,4,8,11,18,37,45,33,2445348375,42900849,1484729,58467,5000
193,2006.08.12,6,14,18,26,36,39,13,3404449700,85111243,1499758,58059,5000
194,2006.08.19,15,20,23,26,39,44,28,2650567875,84145012,1648364,65985,5000
195,2006.08.26,7,10,19,22,35,40,31,918992591,25527572,996346,47916,5000
196,2006.09.02,35,36,37,41,44,45,30,727876520,67395975,1198743,62663,5000
197,2006.09.09,7,12,16,34,42,45,4,1803018300,42929008,1467062,61588,5000
198,2006.09.16,12,19,20,25,41,45,2,1797855050,71914202,1712243,64564,5000
199,2006.09.23,14,21,22,25,30,36,43,5344252200,77452931,1698206,64281,5000
200,2006.09.30,5,6,13,14,17,20,7,1344616613,30910727,1292590,54137,5000
201,2006.10.07,3,11,24,38,39,44,26,9719465400,43781376,1202607,53073,5000
202,2006.10.14,12,14,27,33,39,44,17,1893391700,47334793,1536844,60558,5000
203,2006.10.21,1,3,11,24,30,32,7,2164564740,41948930,1358287,53913,5000
204,2006.10.28,3,12,14,35,40,45,5,1358347125,78744761,1534856,62837,5000
205,2006.11.04,1,3,21,29,35,37,30,1835221800,87391515,1671423,65466,5000
206,2006.11.11,1,2,3,15,20,25,43,2032859340,47056930,1093641,50992,5000
207,2006.11.18,3,11,14,31,32,37,38,2104673760,47402563,1457935,57627,5000
208,2006.11.25,14,25,31,34,40,44,24,1760767400,51787277,1438536,54787,5000
209,2006.12.02,2,7,18,20,24,33,37,1660896350,48849893,1223046,50351,5000
210,2006.12.09,10,19,22,23,25,37,39,5139085950,37239754,1319745,53262,5000
211,2006.12.16,12,13,17,20,33,41,8,1035800250,59528750,1319828,53295,5000
212,2006.12.23,11,12,18,21,31,38,8,2660747250,49273098,1444489,55382,5000
213,2006.12.30,2,3,4,5,20,24,42,1376678025,55623355,928463,38462,5000
214,2007.01.06,5,7,20,25,28,37,32,1406980875,52110403,1309124,53433,5000
215,2007.01.13,2,3,7,15,43,44,4,1587689615,57884518,1484219,56218,5000
216,2007.01.20,7,16,17,33,36,40,1,848506108,29181427,703840,46441,5000
217,2007.01.27,16,20,27,33,35,39,38,1611246172,64820249,1558696,58601,5000
218,2007.02.03,1,8,14,18,29,44,20,2779075800,71258354,1540081,61255,5000
219,2007.02.10,4,11,20,26,35,37,16,1208409167,44210092,1402952,56743,5000
220,2007.02.17,5,11,19,21,34,43,31,1958094950,69931963,1486785,58216,5000
221,2007.02.24,2,20,33,35,37,40,10,1800104250,40911461,1119468,47711,5000
222,2007.03.03,5,7,28,29,39,43,44,2275193820,57454390,1715833,66418,5000
223,2007.03.10,1,3,18,20,26,27,38,1498170600,44817070,1234369,51782,5000
224,2007.03.17,4,19,26,27,30,42,7,1808969950,69575768,1562151,59753,5000
225,2007.03.24,5,11,13,19,31,36,7,1777201800,43346386,1380888,54448,5000
226,2007.03.31,2,6,8,14,21,22,34,1744100150,45897373,1336476,54439,5000
227,2007.04.07,4,5,15,16,22,42,2,5253542400,72965867,1587653,61811,5000
228,2007.04.14,17,25,35,36,39,44,23,1146700334,44103859,1285539,52122,5000
229,2007.04.21,4,5,9,11,23,38,35,1451441100,62716591,1290662,50156,5000
230,2007.04.28,5,11,14,29,32,33,12,1292929163,68956222,1662397,61190,5000
231,2007.05.05,5,10,19,31,44,45,27,1088365900,85923624,1288516,55051,5000
232,2007.05.12,8,9,10,12,24,44,35,1110918400,92576534,1314178,51274,5000
233,2007.05.19,4,6,13,17,28,40,39,999153750,64048318,1307109,53259,5000
234,2007.05.26,13,21,22,24,26,37,4,2519743875,73036055,1601363,61167,5000
235,2007.06.02,21,22,26,27,31,37,8,3433330100,59195347,1457271,57657,5000
236,2007.06.09,1,4,8,13,37,39,7,5030040150,40894636,1602945,61553,5000
237,2007.06.16,1,11,17,21,24,44,33,1440630729,43095792,1530725,58626,5000
238,2007.06.23,2,4,15,28,31,34,35,1121660567,58016926,1578322,61640,5000
239,2007.06.30,11,15,24,39,41,44,7,1134140167,58662423,1570832,60921,5000
240,2007.07.07,6,10,16,40,41,43,21,5098251450,60693470,1567728,59238,5000
241,2007.07.14,2,16,24,27,28,35,21,2552016300,50039536,1759405,63267,5000
242,2007.07.21,4,19,20,21,32,34,43,1234542375,45723792,1322134,54286,5000
243,2007.07.28,2,12,17,19,28,42,34,2408850000,55375863,1474656,59418,5000
244,2007.08.04,13,16,25,36,37,38,19,9121583100,60810554,1387103,55353,5000
245,2007.08.11,9,11,27,31,32,38,22,1382583129,46086105,1477119,56159,5000
246,2007.08.18,13,18,21,23,26,39,15,1911774240,61274816,1231179,53462,5000
247,2007.08.25,12,15,28,36,39,40,13,1669313900,57562549,1638189,63856,5000
248,2007.09.01,3,8,17,23,38,45,13,1227479363,71158224,1417004,55624,5000
249,2007.09.08,3,8,27,31,41,44,11,1663568700,57364438,1423070,59378,5000
250,2007.09.15,19,23,30,37,43,45,38,1994726280,97780700,1581610,64771,5000
251,2007.09.22,6,7,19,25,28,38,45,1282616400,42753880,1376937,55153,5000
252,2007.09.29,14,23,26,31,39,45,28,1391089715,67622417,1493044,62547,5000
253,2007.10.06,8,19,25,31,34,36,33,2466189525,82206318,1406439,57604,5000
254,2007.10.13,1,5,19,20,24,30,27,9741015900,49197050,1325309,54852,5000
255,2007.10.20,1,5,6,24,27,42,32,1598618550,122970658,1516716,57689,5000
256,2007.10.27,4,11,14,21,23,43,32,4891017000,47951148,1367735,57230,5000
257,2007.11.03,6,13,27,31,32,37,4,2391377025,88569520,1292986,54996,5000
258,2007.11.10,14,27,30,31,38,40,17,2426434350,57772247,938297,59213,5000
259,2007.11.17,4,5,14,35,42,45,34,4838533500,64513780,1565869,64000,5000
260,2007.11.24,7,12,15,24,37,40,43,2310085575,59232964,1199422,52871,5000
261,2007.12.01,6,11,16,18,31,43,2,3192299100,49879674,1445788,56717,5000
262,2007.12.08,9,12,24,25,29,31,36,4518741600,71726058,1361888,54966,5000
263,2007.12.15,1,27,28,32,37,40,18,1551704900,57470552,1656036,61466,5000
264,2007.12.22,9,16,27,36,41,44,5,1344889200,58112497,1498604,62642,5000
265,2007.12.29,5,9,34,37,38,39,12,1200838575,84269374,1585266,60459,5000
266,2008.01.05,3,4,9,11,22,42,37,3207211700,44544607,1343054,54526,5000
267,2008.01.12,7,8,24,34,36,41,1,3257663300,58172559,1427548,59122,5000
268,2008.01.19,3,10,19,24,32,45,12,1350954515,45031818,1157206,50960,5000
269,2008.01.26,5,18,20,36,42,43,32,1961399940,74295453,1611933,64715,5000
270,2008.02.02,5,9,12,20,21,26,27,1927830060,50203908,1293499,53724,5000
271,2008.02.09,3,8,9,27,29,40,36,1565918150,55925649,1246751,52709,5000
272,2008.02.16,7,9,12,27,39,43,28,1104622800,42485493,1209442,52419,5000
273,2008.02.23,1,8,24,31,34,44,6,3339543100,79512931,1523515,59431,5000
274,2008.03.01,13,14,15,26,35,39,25,2505085575,45136678,1331784,58277,5000
275,2008.03.08,14,19,20,35,38,40,26,10044066900,88105850,1689215,64813,5000
276,2008.03.15,4,15,21,33,39,41,25,3312569000,53428533,1426602,55308,5000
277,2008.03.22,10,12,13,15,25,29,20,3272627800,52784320,1482169,59211,5000
278,2008.03.29,3,11,37,39,41,43,13,3186530000,59009815,1463054,57268,5000
279,2008.04.05,7,16,31,36,37,38,11,1914205320,59080412,1466150,57566,5000
280,2008.04.12,10,11,23,24,36,37,35,1355258529,58560554,1380904,58653,5000
281,2008.04.19,1,3,4,6,14,41,12,1554683200,42018465,1042712,41713,5000
282,2008.04.26,2,5,10,18,31,32,30,1322052643,48199836,1012735,46530,5000
283,2008.05.03,6,8,18,31,38,45,42,3137224600,65358846,1478429,59206,5000
284,2008.05.10,2,7,15,24,30,45,28,3117640300,111344297,1632273,61691,5000
285,2008.05.17,13,33,37,40,41,45,2,3164370100,60853272,1555738,61705,5000
286,2008.05.24,1,15,19,40,42,44,17,3236566300,59936413,1566586,66246,5000
287,2008.05.31,6,12,24,27,35,37,41,1328657100,41894594,1165489,51161,5000
288,2008.06.07,1,12,17,28,35,41,10,2357261550,65479488,1488171,62553,5000
289,2008.06.14,3,14,33,37,38,42,10,0,63761694,1501748,58541,5000
290,2008.06.21,8,13,18,32,39,45,7,2149214424,51251650,1361059,58573,5000
291,2008.06.28,3,7,8,18,20,42,45,1450585200,43393575,1379258,54144,5000
292,2008.07.05,17,18,31,32,33,34,10,720373950,45428988,995778,50256,5000
293,2008.07.12,1,9,17,21,29,33,24,1656764400,78893543,1435672,54268,5000
294,2008.07.19,6,10,17,30,37,38,40,2406504975,61705256,1411027,56496,5000
295,2008.07.26,1,4,12,16,18,38,8,0,62969875,1616207,59131,5000
296,2008.08.02,3,8,15,27,30,45,44,3066088275,46243415,1186303,54498,5000
297,2008.08.09,6,11,19,20,28,32,34,5056668750,60198438,1322005,55032,5000
298,2008.08.16,5,9,27,29,37,40,19,9909778500,41290744,1220717,51970,5000
299,2008.08.23,1,3,20,25,36,45,24,1483772529,59691999,1548362,59575,5000
300,2008.08.30,7,9,10,12,26,38,39,836092425,49181908,1180922,47646,5000
301,2008.09.06,7,11,13,33,37,43,26,1447385015,35927997,1328573,51361,5000
302,2008.09.13,13,19,20,32,38,42,4,5472167250,41455813,1608515,61360,5000
303,2008.09.20,2,14,17,30,38,45,43,1672749000,57681000,1444516,59459,5000
304,2008.09.27,4,10,16,26,33,41,38,1661646150,44909356,1165250,53519,5000
305,2008.10.04,7,8,18,21,23,39,9,2008210140,49220837,1215330,50589,5000
306,2008.10.11,4,18,23,30,34,41,19,2102669520,76183679,1437428,61822,5000
307,2008.10.18,5,15,21,23,25,45,12,2587643250,61610554,1465672,58085,5000
308,2008.10.25,14,15,17,19,37,45,40,10232872800,63165882,1743844,63461,5000
309,2008.11.01,1,2,5,11,18,36,22,901622946,66119016,1189191,47826,5000
310,2008.11.08,1,5,19,28,34,41,16,1296713325,59619004,1592036,64088,5000
311,2008.11.15,4,12,24,27,28,32,10,1237691063,38378018,1210752,50950,5000
312,2008.11.22,2,3,5,6,12,20,25,629017820,27112838,761892,34211,5000
313,2008.11.29,9,17,34,35,43,45,2,1715422800,65977800,1531628,61548,5000
314,2008.12.06,15,17,19,34,38,41,2,1660512200,69188009,1556244,60502,5000
315,2008.12.13,1,13,33,35,43,45,23,1308728625,54530360,1641554,62091,5000
316,2008.12.20,10,11,21,27,31,39,43,1673586400,57709876,1197130,48967,5000
317,2008.12.27,3,10,11,22,36,39,8,2576258550,68700228,1517232,59672,5000
318,2009.01.03,2,17,19,20,34,45,21,1207436600,64684104,1311481,56531,5000
319,2009.01.10,5,8,22,28,33,42,37,2135659380,68450622,1546235,59833,5000
320,2009.01.17,16,19,23,25,41,45,3,5513067900,73507572,1699991,64412,5000
321,2009.01.24,12,18,20,21,25,34,42,1959136100,55975318,1535374,56960,5000
322,2009.01.31,9,18,29,32,38,43,20,1904544700,65673956,1300031,56158,5000
323,2009.02.07,10,14,15,32,36,42,3,1461025388,72149402,1657902,64085,5000
324,2009.02.14,2,4,21,25,33,36,17,1865130350,46628259,1518836,59710,5000
325,2009.02.21,7,17,20,32,44,45,33,1806122450,54730984,1435710,57677,5000
326,2009.02.28,16,23,25,33,36,39,40,1832134550,59101115,1372386,57177,5000
327,2009.03.07,6,12,13,17,32,44,24,882674750,45265372,1421377,55515,5000
328,2009.03.14,1,6,9,16,17,28,24,1819795900,60659864,1318693,54657,5000
329,2009.03.21,9,17,19,30,35,42,4,1830391200,55466400,1506495,58376,5000
330,2009.03.28,3,4,16,17,19,20,23,1162280200,54481885,1218324,50370,5000
331,2009.04.04,4,9,14,26,31,44,39,2165902620,40109308,1322285,55866,5000
332,2009.04.11,16,17,34,36,42,45,3,1359448388,48989132,1650818,60589,5000
333,2009.04.18,5,14,27,30,39,43,35,1550987143,50263473,1325631,60326,5000
334,2009.04.25,13,15,21,29,39,43,33,1523002972,57317317,1684206,67934,5000
335,2009.05.02,5,9,16,23,26,45,21,2037492480,60639658,1389453,56057,5000
336,2009.05.09,3,5,20,34,35,44,16,1685632650,56187755,1704381,61422,5000
337,2009.05.16,1,5,14,18,32,37,4,1257500513,50808102,1404245,56462,5000
338,2009.05.23,2,13,34,38,42,45,16,3383431000,43377321,1506426,62091,5000
339,2009.05.30,6,8,14,21,30,37,45,1096778334,51411485,1486150,60324,5000
340,2009.06.06,18,24,26,29,34,38,32,1439393186,47979773,1492705,59752,5000
341,2009.06.13,1,8,19,34,39,43,41,1497207772,52931588,1414367,59458,5000
342,2009.06.20,1,13,14,33,34,43,25,3454095800,59553376,1467331,61517,5000
343,2009.06.27,1,10,17,29,31,43,15,1717153000,59212173,1566746,63842,5000
344,2009.07.04,1,2,15,28,34,45,38,1467106543,74418448,1547581,60593,5000
345,2009.07.11,15,20,23,29,39,42,2,5203577550,45645418,1687282,68394,5000
346,2009.07.18,5,13,14,22,44,45,33,2017727340,64670749,1467225,61695,5000
347,2009.07.25,3,8,13,27,32,42,10,1456624286,44720922,1214722,53306,5000
348,2009.08.01,3,14,17,20,24,31,34,3299994000,44594514,1350244,50233,5000
349,2009.08.08,5,13,14,20,24,25,36,3353209000,45313636,1435450,56511,5000
350,2009.08.15,1,8,18,24,29,33,35,1101052467,71807770,1379765,57527,5000
351,2009.08.22,5,25,27,29,34,36,33,2583357150,59387521,1514722,62094,5000
352,2009.08.29,5,16,17,20,26,41,24,1732858250,59753733,1486157,58810,5000
353,2009.09.05,11,16,19,22,29,36,26,5290838250,60814233,1692527,65058,5000
354,2009.09.12,14,19,36,43,44,45,1,2124464340,52070205,1745944,65187,5000
355,2009.09.19,5,8,29,30,35,44,38,2145424800,74493917,1634236,66058,5000
356,2009.09.26,2,8,14,25,29,45,24,1157185267,46912917,1374330,56761,5000
357,2009.10.03,10,14,18,21,36,37,5,5313394350,65597462,1587036,62643,5000
358,2009.10.10,1,9,10,12,21,40,37,3472654900,39461988,1256388,50884,5000
359,2009.10.17,1,10,19,20,24,40,23,1286712600,46368022,1036001,46822,5000
360,2009.10.24,4,16,23,25,35,40,27,3566716200,54041155,1476290,59139,5000
361,2009.10.31,5,10,16,24,27,35,33,1473115115,50548068,1174733,51039,5000
362,2009.11.07,2,3,22,27,30,40,29,1729424650,66516333,1474361,60898,5000
363,2009.11.14,11,12,14,21,32,38,6,2615910600,52846679,1434162,58451,5000
364,2009.11.21,2,5,7,14,16,40,4,2531914800,45620087,1340702,53421,5000
365,2009.11.28,5,15,21,25,26,30,31,10697716800,50941509,1509698,57081,5000
366,2009.12.05,5,12,19,26,27,44,38,5351553900,45739777,1103186,49921,5000
367,2009.12.12,3,22,25,29,32,44,19,1581736586,49874578,1759161,66912,5000
368,2009.12.19,11,21,24,30,39,45,26,1465825115,45003403,1431071,59400,5000
369,2009.12.26,17,20,35,36,41,43,21,1842177750,59425089,1592203,62044,5000
370,2010.01.02,16,18,24,42,44,45,17,1678941943,61211425,1677026,64701,5000
371,2010.01.09,7,9,15,26,27,42,18,1524130543,61315597,1480560,57266,5000
372,2010.01.16,8,11,14,16,18,21,13,1192593200,48348373,1307668,57186,5000
373,2010.01.23,15,26,37,42,43,45,9,2791801125,64179337,1666250,64559,5000
374,2010.01.30,11,13,15,17,25,34,26,5528717850,68255776,1318245,52816,5000
375,2010.02.06,4,8,19,25,27,45,7,1581284058,43924558,1442402,56807,5000
376,2010.02.13,1,11,13,24,28,40,7,1956915800,38370899,1386900,56355,5000
377,2010.02.20,6,22,29,37,43,45,23,3912085400,88911032,1632757,66608,5000
378,2010.02.27,5,22,29,31,34,39,43,2317698240,64380507,1718341,64659,5000
379,2010.03.06,6,10,22,31,35,40,19,1598999786,26274645,1390090,60096,5000
380,2010.03.13,1,2,8,17,26,37,27,2684274825,42607537,1222348,46132,5000
381,2010.03.20,1,5,10,12,16,20,11,565738895,28895267,904345,43632,5000
382,2010.03.27,10,15,22,24,27,42,19,1846674900,57708591,1523660,59315,5000
383,2010.04.03,4,15,28,33,37,40,25,3596522100,64223609,1437459,59423,5000
384,2010.04.10,11,22,24,32,36,38,7,3658734200,44618710,1505652,58927,5000
385,2010.04.17,7,12,19,21,29,32,9,1542032700,49973282,1456712,57944,5000
386,2010.04.24,4,7,10,19,31,40,26,1042953330,29461959,1032832,48150,5000
387,2010.05.01,1,26,31,34,40,43,20,2675533500,68603424,1515454,61385,5000
388,2010.05.08,1,8,9,17,29,32,45,2545543875,56567642,1337297,55211,5000
389,2010.05.15,7,16,18,20,23,26,3,2119027020,49051552,1409303,58088,5000
390,2010.05.22,16,17,28,37,39,40,15,10373997900,46729721,1590617,61934,5000
391,2010.05.29,10,11,18,22,28,39,30,10508749800,54733072,1309992,57611,5000
392,2010.06.05,1,3,7,8,24,42,43,1713528700,57117624,1139315,46358,5000
393,2010.06.12,9,16,28,40,41,43,21,1362003975,51885866,1694035,64915,5000
394,2010.06.19,1,13,20,22,25,28,15,10654349100,53809844,1474855,63081,5000
395,2010.06.26,11,15,20,26,31,35,7,1534635000,42628750,1260851,55718,5000
396,2010.07.03,18,20,31,34,40,45,30,5296622400,51927671,1468836,57336,5000
397,2010.07.10,12,13,17,22,25,33,8,3499519700,56443867,1280937,52265,5000
398,2010.07.17,10,15,20,23,42,44,7,2680625550,57647862,1607090,62263,5000
399,2010.07.24,1,2,9,17,19,42,20,1276854975,42561833,1164483,44222,5000
400,2010.07.31,9,21,27,34,41,43,2,2669834325,59329652,1419370,60192,5000
401,2010.08.07,6,12,18,31,38,43,9,1168214792,60424904,1293227,50000,5000
402,2010.08.14,5,9,15,19,22,36,32,2662206188,43287906,1396385,50000,5000
403,2010.08.21,10,14,22,24,28,37,26,2122396875,41131723,1338883,50000,5000
404,2010.08.28,5,20,21,24,33,40,36,3566659375,68589604,1400888,50000,5000
405,2010.09.04,1,2,10,25,26,44,4,3543878000,50626829,1381091,50000,5000
406,2010.09.11,7,12,21,24,27,36,45,2156142450,54448042,1246038,50000,5000
407,2010.09.18,6,7,13,16,24,25,1,1649707286,71283649,1517870,50000,5000
408,2010.09.25,9,20,21,22,30,37,16,2235375825,56448885,1497439,50000,5000
409,2010.10.02,6,9,21,31,32,40,38,2896989750,53647959,1463127,50000,5000
410,2010.10.09,1,3,18,32,40,41,16,1249335709,50648745,1438223,50000,5000
411,2010.10.16,11,14,22,35,37,39,5,953227563,52957087,1446476,50000,5000
412,2010.10.23,4,7,39,41,42,45,40,1656199822,56830387,1579913,50000,5000
413,2010.10.30,2,9,15,23,34,40,3,2814673500,52123584,1493989,50000,5000
414,2010.11.06,2,14,15,22,23,44,43,11703832500,55732536,1598885,50000,5000
415,2010.11.13,7,17,20,26,30,40,24,1334182407,50825997,1120927,50000,5000
416,2010.11.20,5,6,8,11,22,26,44,1072037100,55835266,1190359,50000,5000
417,2010.11.27,4,5,14,20,22,43,44,2818329938,55261372,1590929,50000,5000
418,2010.12.04,11,13,15,26,28,34,31,1435649766,41613037,1454560,50000,5000
419,2010.12.11,2,11,13,14,28,30,7,3796490750,57522588,1589821,50000,5000
420,2010.12.18,4,9,10,29,31,34,27,1424856375,54280243,1600513,50000,5000
421,2010.12.25,6,11,26,27,28,44,30,2321144325,53730193,1607887,50000,5000
422,2011.01.01,8,15,19,21,34,44,12,2205251375,105011971,1705531,50000,5000
423,2011.01.08,1,17,27,28,29,40,5,3896153875,41448446,1360389,50000,5000
424,2011.01.15,10,11,26,31,34,44,30,1109480813,36257543,1096759,50000,5000
425,2011.01.22,8,10,14,27,33,38,3,1534833000,49913269,1577829,50000,5000
426,2011.01.29,4,17,18,27,39,43,19,3057233625,32351679,1393135,50000,5000
427,2011.02.05,6,7,15,24,28,30,21,12571445625,63492150,1480736,50000,5000
428,2011.02.12,12,16,19,22,37,40,8,1437683209,71884161,1375335,50000,5000
429,2011.02.19,3,23,28,34,39,42,16,1485904709,60239381,1604649,50000,5000
430,2011.02.26,1,3,16,18,30,34,44,1611763219,47755948,1483104,50000,5000
431,2011.03.05,18,22,25,31,38,45,6,1268434013,49164110,1581195,50000,5000
432,2011.03.12,2,3,5,11,27,39,33,2299427550,39920618,1096846,50000,5000
433,2011.03.19,19,23,29,33,35,43,27,1182294410,52866824,1696041,50000,5000
434,2011.03.26,3,13,20,24,33,37,35,1480060266,53335506,1056998,50000,5000
435,2011.04.02,8,16,26,30,38,45,42,1287550013,69223119,1504851,50000,5000
436,2011.04.09,9,14,20,22,33,34,28,1512266579,45826260,1414987,50000,5000
437,2011.04.16,11,16,29,38,41,44,21,2096245438,63522590,1630051,50000,5000
438,2011.04.23,6,12,20,26,29,38,45,1377142167,50383250,1585352,50000,5000
439,2011.04.30,17,20,30,31,37,40,25,1900077375,57578103,1322253,50000,5000
440,2011.05.07,10,22,28,34,36,44,2,1995873000,48679830,1335033,50000,5000
441,2011.05.14,1,23,28,30,34,35,9,3170417063,50324081,1875432,50000,5000
442,2011.05.21,25,27,29,36,38,40,41,1413413042,78522947,1668073,50000,5000
443,2011.05.28,4,6,10,19,20,44,14,1327597584,48570644,1193883,50000,5000
444,2011.06.04,11,13,23,35,43,45,17,4154188625,79888243,1635508,50000,5000
445,2011.06.11,13,20,21,30,39,45,32,1791683036,74653460,1766946,50000,5000
446,2011.06.18,1,11,12,14,26,35,6,4051247625,49405459,1473181,50000,5000
447,2011.06.25,2,7,8,9,17,33,34,2657941125,57160025,1029612,50000,5000
448,2011.07.02,3,7,13,27,40,41,36,4026212750,57517325,1415687,50000,5000
449,2011.07.09,3,10,20,26,35,43,36,4059715250,52047632,1567458,50000,5000
450,2011.07.16,6,14,19,21,23,31,13,1990391625,58540931,1475458,50000,5000
451,2011.07.23,12,15,20,24,30,38,29,882138952,61654873,1185671,50000,5000
452,2011.07.30,8,10,18,30,32,34,27,1276902000,39903188,1475619,50000,5000
453,2011.08.06,12,24,33,38,40,42,30,2262732375,52378065,1335419,50000,5000
454,2011.08.13,13,25,27,34,38,41,10,1609125590,43658447,1343818,50000,5000
455,2011.08.20,4,19,20,26,30,35,24,1635711483,59635315,1317908,50000,5000
456,2011.08.27,1,7,12,18,23,27,44,1598505054,47818528,1154037,50000,5000
457,2011.09.03,8,10,18,23,27,40,33,1159902825,41131306,1283647,50000,5000
458,2011.09.10,4,9,10,32,36,40,18,1608812625,41251606,1496918,50000,5000
459,2011.09.17,4,6,10,14,25,40,12,1655842233,41995999,1260977,50000,5000
460,2011.09.24,8,11,28,30,43,45,41,3180895782,70686573,1622493,50000,5000
461,2011.10.01,11,18,26,31,37,40,43,1948674875,60896090,1134931,50000,5000
462,2011.10.08,3,20,24,32,37,45,4,1483559297,50719976,1418996,50000,5000
463,2011.10.15,23,29,31,33,34,44,40,0,54687384,1613584,50000,5000
464,2011.10.22,6,12,15,34,42,44,4,3355721106,67273025,1668457,50000,5000
465,2011.10.29,1,8,11,13,22,38,31,1923662893,48788552,1295023,50000,5000
466,2011.11.05,4,10,13,23,32,44,20,1530313459,41735822,1314703,50000,5000
467,2011.11.12,2,12,14,17,24,40,39,1435441084,65247322,1188936,50000,5000
468,2011.11.19,8,13,15,28,37,43,17,1527197167,69418054,1572269,50000,5000
469,2011.11.26,4,21,22,34,37,38,33,3330131250,67275379,1738519,50000,5000
470,2011.12.03,10,16,20,39,41,42,27,4333330625,80246864,1558753,50000,5000
471,2011.12.10,6,13,29,37,39,41,43,1939332858,75418500,1856075,50000,5000
472,2011.12.17,16,25,26,31,36,43,44,1809656090,91794150,1561587,50000,5000
473,2011.12.24,8,13,20,22,23,36,34,3250418063,60192928,1650378,50000,5000
474,2011.12.31,4,13,18,31,33,45,43,936690800,48785980,1347369,50000,5000
475,2012.01.07,1,9,14,16,21,29,3,1693923047,68441336,1519896,50000,5000
476,2012.01.14,9,12,13,15,37,38,27,3439851469,67448069,1772206,50000,5000
477,2012.01.21,14,25,29,32,33,45,37,1919011829,77535832,1735877,50000,5000
478,2012.01.28,18,29,30,37,39,43,8,987224759,65814984,1792627,50000,5000
479,2012.02.04,8,23,25,27,35,44,24,2233046500,65677839,1607665,50000,5000
480,2012.02.11,3,5,10,17,30,31,16,2996742282,39956564,1007478,50000,5000
481,2012.02.18,3,4,23,29,40,41,20,4639355750,68225820,1792642,50000,5000
482,2012.02.25,1,10,16,24,25,35,43,1897921179,73808046,1350971,50000,5000
483,2012.03.03,12,15,19,22,28,34,5,2567196675,40364728,1134322,50000,5000
484,2012.03.10,1,3,27,28,32,45,11,2305303063,72040721,1716533,50000,5000
485,2012.03.17,17,22,26,27,36,39,20,1501474917,68248860,1601859,50000,5000
486,2012.03.24,1,2,23,25,38,40,43,1008634125,75357722,1455946,50000,5000
487,2012.03.31,4,8,25,27,37,41,21,1638830766,47502342,1376880,50000,5000
488,2012.04.07,2,8,17,30,31,38,25,1330393575,67191595,1648567,50000,5000
489,2012.04.14,2,4,8,15,20,27,11,2106360625,40506936,1369546,50000,5000
490,2012.04.21,2,7,26,29,40,43,42,1860234161,74837007,1599318,50000,5000
491,2012.04.28,8,17,35,36,39,42,4,3304634438,71067408,1619919,50000,5000
492,2012.05.05,22,27,31,35,37,40,42,2493013800,51937788,1448753,50000,5000
493,2012.05.12,20,22,26,33,36,37,25,1451120334,80617797,1621968,50000,5000
494,2012.05.19,5,7,8,15,30,43,22,1054588407,52729421,1370486,50000,5000
495,2012.05.26,4,13,22,27,34,44,6,2111645000,47991932,1346713,50000,5000
496,2012.06.02,4,13,20,29,36,41,39,3285932250,47622207,1577122,50000,5000
497,2012.06.09,19,20,23,24,43,44,13,2222817813,74093928,1936253,50000,5000
498,2012.06.16,13,14,24,32,39,41,3,3244503094,61800059,1621441,50000,5000
499,2012.06.23,5,20,23,27,35,40,43,4070480250,44244351,1344281,50000,5000
500,2012.06.30,3,4,12,20,24,34,41,1351072375,29803068,1106832,50000,5000
501,2012.07.07,1,4,10,17,31,42,2,3025200094,33062297,1230507,50000,5000
502,2012.07.14,6,22,28,32,34,40,26,2201458125,71014779,1485465,50000,5000
503,2012.07.21,1,5,27,30,34,36,40,1853634911,51489859,1673819,50000,5000
504,2012.07.28,6,14,22,26,43,44,31,1443236959,74650188,1672995,50000,5000
505,2012.08.04,7,20,22,25,38,40,44,1917955188,50472505,1331914,50000,5000
506,2012.08.11,6,9,11,22,24,30,31,4073333875,61717180,1282536,50000,5000
507,2012.08.18,12,13,32,33,40,41,4,1416438875,73264080,1442403,50000,5000
508,2012.08.25,5,27,31,34,35,43,37,1599557860,68798188,1336306,50000,5000
509,2012.09.01,12,25,29,35,42,43,24,2689076100,65908728,1824835,50000,5000
510,2012.09.08,12,29,32,33,39,40,42,2644158150,88138605,1670558,50000,5000
511,2012.09.15,3,7,14,23,26,42,24,2165579250,58529169,1420984,50000,5000
512,2012.09.22,4,5,9,13,26,27,1,940094452,39170603,1210982,50000,5000
513,2012.09.29,5,8,21,23,27,33,12,4589624750,42496526,1411324,50000,5000
514,2012.10.06,1,15,20,26,35,42,9,4451055500,61820216,1634015,50000,5000
515,2012.10.13,2,11,12,15,23,37,8,13200466875,62859367,1517296,50000,5000
516,2012.10.20,2,8,23,41,43,44,30,1294190182,74146313,1773305,50000,5000
517,2012.10.27,1,9,12,28,36,41,10,2659057725,55397036,1484181,50000,5000
518,2012.11.03,14,23,30,32,34,38,6,2263804125,66582475,1678135,50000,5000
519,2012.11.10,6,8,13,16,30,43,3,1950601393,71115676,1677010,50000,5000
520,2012.11.17,4,22,27,28,38,40,1,2167205438,58573120,1332026,50000,5000
521,2012.11.24,3,7,18,29,32,36,19,1693420922,42601785,1400679,50000,5000
522,2012.12.01,4,5,13,14,37,41,11,2281623000,58503154,1526170,50000,5000
523,2012.12.08,1,4,37,38,40,45,7,1780355840,48304229,1334029,50000,5000
524,2012.12.15,10,11,29,38,41,45,21,3491695594,64661030,1739759,50000,5000
525,2012.12.22,11,23,26,29,39,44,22,1501132375,54919478,1459300,50000,5000
526,2012.12.29,7,14,17,20,35,39,31,1491031959,45643836,1453248,50000,5000
527,2013.01.05,1,12,22,32,33,42,38,1032386366,77132315,1137183,50000,5000
528,2013.01.12,5,17,25,31,39,40,10,1197889125,25536397,1212662,50000,5000
529,2013.01.19,18,20,24,27,31,42,39,1749114797,70671305,1552699,50000,5000
530,2013.01.26,16,23,27,29,33,41,22,1231656239,56450911,1558342,50000,5000
531,2013.02.02,1,5,9,21,27,35,45,1521519750,54339992,1410557,50000,5000
532,2013.02.09,16,17,23,24,29,44,3,2216896286,99476116,1747554,50000,5000
533,2013.02.16,9,14,15,17,31,33,23,1785671579,54111260,1569477,50000,5000
534,2013.02.23,10,24,26,29,37,38,32,14215763250,43078071,1541506,50000,5000
535,2013.03.02,11,12,14,15,18,39,34,4935603000,79606500,1632144,50000,5000
536,2013.03.09,7,8,18,32,37,43,12,1308523603,59973999,1431361,50000,5000
537,2013.03.16,12,23,26,30,36,43,11,2104038911,70134631,1699940,50000,5000
538,2013.03.23,6,10,18,31,32,34,11,4688021625,48833559,1359636,50000,5000
539,2013.03.30,3,19,22,31,42,43,26,1621036667,57894167,1600761,50000,5000
540,2013.04.06,3,12,13,15,34,36,14,1989365250,89266390,1647216,50000,5000
541,2013.04.13,8,13,26,28,32,34,43,1269327171,58177496,1611565,50000,5000
542,2013.04.20,5,6,19,26,41,45,34,2335152563,89813561,1603814,50000,5000
543,2013.04.27,13,18,26,31,34,44,12,1112934844,47358930,1131032,50000,5000
544,2013.05.04,5,17,21,25,36,44,10,1046388433,48237765,1484725,50000,5000
545,2013.05.11,4,24,25,27,34,35,2,1198994353,52337056,1468375,50000,5000
546,2013.05.18,8,17,20,27,37,43,6,405939950,36903632,652637,50000,5000
547,2013.05.25,6,7,15,22,34,39,28,2838444450,43803156,1528018,50000,5000
548,2013.06.01,1,12,13,21,32,45,14,1736871891,50344113,1406944,50000,5000
549,2013.06.08,29,31,35,38,40,44,17,1760805047,67078288,1578844,50000,5000
550,2013.06.15,1,7,14,20,34,37,41,1118679205,35360550,751801,50000,5000
551,2013.06.22,3,6,20,24,27,44,25,13526973750,70452989,1565622,50000,5000
552,2013.06.29,1,10,20,32,35,40,43,1330824225,49289787,1226793,50000,5000
553,2013.07.06,2,7,17,28,29,39,37,2249631438,43262144,1365897,50000,5000
554,2013.07.13,13,14,17,32,41,42,6,6813893625,55397510,1530525,50000,5000
555,2013.07.20,11,17,21,24,26,36,12,1711027360,49594996,1468063,50000,5000
556,2013.07.27,12,20,23,28,30,44,43,2005209161,57058798,1657981,50000,5000
557,2013.08.03,4,20,26,28,35,40,31,1888069286,51226687,1465568,50000,5000
558,2013.08.10,12,15,19,26,40,43,29,1315913663,43003715,1557663,50000,5000
559,2013.08.17,11,12,25,32,44,45,23,1926145608,53504045,1434975,50000,5000
560,2013.08.24,1,4,20,23,29,45,28,1976697215,57653669,1562431,50000,5000
561,2013.08.31,5,7,18,37,42,45,20,2753712225,55969761,1600252,50000,5000
562,2013.09.07,4,11,13,17,20,31,33,1166694614,41940003,1195607,50000,5000
563,2013.09.14,5,10,16,17,31,32,21,1932735643,59338375,1373239,50000,5000
564,2013.09.21,14,19,25,26,27,34,2,1934801143,70539625,1368871,50000,5000
565,2013.09.28,4,10,18,27,40,45,38,1742064469,59557760,1244777,50000,5000
566,2013.10.05,4,5,6,25,26,43,41,3508951032,66837163,1504374,50000,5000
567,2013.10.12,1,10,15,16,32,41,28,2318659438,43748292,1498811,50000,5000
568,2013.10.19,1,3,17,20,31,44,40,1305167550,43505585,1179014,50000,5000
569,2013.10.26,3,6,13,23,24,35,1,3467925188,64220837,1355188,50000,5000
570,2013.11.02,1,12,26,27,29,33,42,1527791625,60307565,1456890,50000,5000
571,2013.11.09,11,18,21,26,38,43,29,1966538465,69524088,1523437,50000,5000
572,2013.11.16,3,13,18,33,37,45,1,1668216188,41967703,1282750,50000,5000
573,2013.11.23,2,4,20,34,35,43,14,1645691766,43885114,1352809,50000,5000
574,2013.11.30,14,15,16,19,25,43,2,6965184938,70355404,1844106,50000,5000
575,2013.12.07,2,8,20,30,33,34,6,1699267875,50348678,1522642,50000,5000
576,2013.12.14,10,11,15,25,35,41,13,4321966000,40018204,1384359,50000,5000
577,2013.12.21,16,17,22,31,34,37,33,4484438375,53386172,1469345,50000,5000
578,2013.12.28,5,12,14,32,34,42,16,2796466575,54195089,1442966,50000,5000
579,2014.01.04,5,7,20,22,37,42,39,1396068444,55640409,1446840,50000,5000
580,2014.01.11,5,7,9,11,32,35,33,2028610500,56350292,1421449,50000,5000
581,2014.01.18,3,5,14,20,42,44,33,1844554547,63061694,1777028,50000,5000
582,2014.01.25,2,12,14,33,40,41,25,3560558719,41643962,1455369,50000,5000
583,2014.02.01,8,17,27,33,40,44,24,1341848353,48236379,1347238,50000,5000
584,2014.02.08,7,18,30,39,40,41,36,5033183250,78643489,1718984,50000,5000
585,2014.02.15,6,7,10,16,38,41,4,1620546334,54018212,1590851,50000,5000
586,2014.02.22,2,7,12,15,21,34,5,1778354344,51546503,1510280,50000,5000
587,2014.03.01,14,21,29,31,32,37,17,4974577375,57843923,1730890,50000,5000
588,2014.03.08,2,8,15,22,25,41,30,2889342075,55995002,1436626,50000,5000
589,2014.03.15,6,8,28,33,38,39,22,2136877983,59357722,1599118,50000,5000
590,2014.03.22,20,30,36,38,41,45,23,2185183983,82238107,1860863,50000,5000
591,2014.03.29,8,13,14,30,38,39,5,2964676200,65014829,1665923,50000,5000
592,2014.04.05,2,5,6,13,28,44,43,2356381688,84156489,1675948,50000,5000
593,2014.04.12,9,10,13,24,33,38,28,1532833500,37084682,1264715,50000,5000
594,2014.04.19,2,8,13,25,28,37,3,1255592796,54807623,1315383,50000,5000
595,2014.04.26,8,24,28,35,38,40,5,1744525219,43074697,1549656,50000,5000
596,2014.05.03,3,4,12,14,25,43,17,1328267663,53994621,1340872,50000,5000
597,2014.05.10,8,10,23,24,35,43,37,1057920606,49829594,1496189,50000,5000
598,2014.05.17,4,12,24,33,38,45,22,833998594,44479925,1083291,50000,5000
599,2014.05.24,5,12,17,29,34,35,27,1710918329,53051732,1353843,50000,5000
600,2014.05.31,5,11,14,27,29,36,44,901798725,54987728,1485176,50000,5000
601,2014.06.07,2,16,19,31,34,35,37,1524565209,81673137,1508475,50000,5000
602,2014.06.14,13,14,22,27,30,38,2,1689530860,53635901,1344901,50000,5000
603,2014.06.21,2,19,25,26,27,43,28,3452136563,76714146,1688500,50000,5000
604,2014.06.28,2,6,18,21,33,34,30,1229141557,62595172,1553016,50000,5000
605,2014.07.05,1,2,7,9,10,38,42,1394232250,52283710,914851,50000,5000
606,2014.07.12,1,5,6,14,20,39,22,1311566850,49680563,1417604,50000,5000
607,2014.07.19,8,14,23,36,38,39,13,3494480907,66561542,1608878,50000,5000
608,2014.07.26,4,8,18,19,39,44,41,1943530018,70857866,1495681,50000,5000
609,2014.08.02,4,8,27,34,39,40,13,6339311438,44959656,1303581,50000,5000
610,2014.08.09,14,18,20,23,28,36,33,3516018375,68941537,1676690,50000,5000
611,2014.08.16,2,22,27,33,36,37,14,3502706157,49683776,1571425,50000,5000
612,2014.08.23,6,9,18,19,25,33,40,1181705250,36719655,1181921,50000,5000
613,2014.08.30,7,8,11,16,41,44,35,1549831209,77491561,1511539,50000,5000
614,2014.09.06,8,21,25,39,40,44,18,2540975438,55238597,1668402,50000,5000
615,2014.09.13,10,17,18,19,23,27,35,1535062417,74277214,1378799,50000,5000
616,2014.09.20,5,13,18,23,40,45,3,1611811250,49341161,1422187,50000,5000
617,2014.09.27,4,5,11,12,24,27,28,1629701860,50533391,1090284,50000,5000
618,2014.10.04,8,16,25,30,42,43,15,2881326225,53357894,1518726,50000,5000
619,2014.10.11,6,8,13,30,35,40,21,4612479375,39088809,1347103,50000,5000
620,2014.10.18,2,16,17,32,39,45,40,2028283233,53780238,1424643,50000,5000
621,2014.10.25,1,2,6,16,19,42,9,2359723500,38060057,1517508,50000,5000
622,2014.11.01,9,15,16,21,28,34,24,1630598292,71938160,1501472,50000,5000
623,2014.11.08,7,13,30,39,41,45,25,1813702594,69093433,1660900,50000,5000
624,2014.11.15,1,7,19,26,27,35,16,2763729450,37755867,1463220,50000,5000
625,2014.11.22,3,6,7,20,21,39,13,2765184675,51207124,1393181,50000,5000
626,2014.11.29,13,14,26,33,40,43,15,1717871110,50899885,1296996,50000,5000
627,2014.12.06,2,9,22,25,31,45,12,1352230650,64391936,1471096,50000,5000
628,2014.12.13,1,7,12,15,23,42,11,1499942875,60808495,1382012,50000,5000
629,2014.12.20,19,28,31,38,43,44,1,2919433575,71554745,1841682,50000,5000
630,2014.12.27,8,17,21,24,27,31,15,4836305500,50378183,1482620,50000,5000
631,2015.01.03,1,2,4,23,31,34,8,3919853532,56809472,1559210,50000,5000
632,2015.01.10,15,18,21,32,35,44,6,1432587716,50507901,1596603,50000,5000
633,2015.01.17,9,12,19,20,39,41,13,1217257094,51798175,1360825,50000,5000
634,2015.01.24,4,10,11,12,20,27,38,1077935106,43250483,1057757,50000,5000
635,2015.01.31,11,13,25,26,29,33,32,1855587235,70689038,1499465,50000,5000
636,2015.02.07,6,7,15,16,20,31,26,1832362219,55526128,1238292,50000,5000
637,2015.02.14,3,16,22,37,38,44,23,3899241094,57766535,1587963,50000,5000
638,2015.02.21,7,18,22,24,31,34,6,2229403179,63438302,1513072,50000,5000
639,2015.02.28,6,15,22,23,25,32,40,4061185219,60165707,1663058,50000,5000
640,2015.03.07,14,15,18,21,26,35,23,1728768834,54024027,1582156,50000,5000
641,2015.03.14,11,18,21,36,37,43,12,1990074563,53068655,1695485,50000,5000
642,2015.03.21,8,17,18,24,39,45,32,1251460438,40369692,1379020,50000,5000
643,2015.03.28,15,24,31,32,33,40,13,2535763625,58971248,1662796,50000,5000
644,2015.04.04,5,13,17,23,28,36,8,1831451204,49835407,1299593,50000,5000
645,2015.04.11,1,4,16,26,40,41,31,3696297750,88007090,1395356,50000,5000
646,2015.04.18,2,9,24,41,43,45,30,2215498393,71798560,1698258,50000,5000
647,2015.04.25,5,16,21,23,24,30,29,2189725608,58060907,1600677,50000,5000
648,2015.05.02,13,19,28,37,38,43,4,2120987947,54988577,1517159,50000,5000
649,2015.05.09,3,21,22,33,41,42,20,2948042100,54593373,1454531,50000,5000
650,2015.05.16,3,4,7,11,31,41,35,2849298900,52764795,1308940,50000,5000
651,2015.05.23,11,12,16,26,29,44,18,1855306454,70678342,1468968,50000,5000
652,2015.05.30,3,13,15,40,41,44,20,3003483525,69525082,1664165,50000,5000
653,2015.06.06,5,6,26,27,38,39,1,980958670,40873278,1146172,50000,5000
654,2015.06.13,16,21,26,31,36,43,6,1879301391,36315003,1402203,50000,5000
655,2015.06.20,7,37,38,39,40,44,18,1661439625,60784377,1547926,50000,5000
656,2015.06.27,3,7,14,16,31,40,39,7330002750,50902797,1398589,50000,5000
657,2015.07.04,10,14,19,39,40,43,23,1694762792,48887389,1627494,50000,5000
658,2015.07.11,8,19,25,28,32,36,37,1634031375,64501239,1460696,50000,5000
659,2015.07.18,7,18,19,27,29,42,45,1336604216,61261027,1388352,50000,5000
660,2015.07.25,4,9,23,33,39,44,14,1421272575,49349743,1214141,50000,5000
661,2015.08.01,2,3,12,20,27,38,40,1713025547,36254509,1248107,50000,5000
662,2015.08.08,5,6,9,11,15,37,26,1689733688,52394844,1260761,50000,5000
663,2015.08.15,3,5,8,19,38,42,20,2080244143,40449192,1491673,50000,5000
664,2015.08.22,10,20,33,36,41,44,5,1536801338,58212172,1674076,50000,5000
665,2015.08.29,5,6,11,17,38,44,13,3643230375,80960675,1356883,50000,5000
666,2015.09.05,2,4,6,11,17,28,16,2396901063,50997895,1231074,50000,5000
667,2015.09.12,15,17,25,37,42,43,13,2228764393,65005629,1685176,50000,5000
668,2015.09.19,12,14,15,24,27,32,3,2991158625,44511290,1330824,50000,5000
669,2015.09.26,7,8,20,29,33,38,9,2708173188,52080254,1389520,50000,5000
670,2015.10.03,11,18,26,27,40,41,25,1191725219,61114114,1111166,50000,5000
671,2015.10.10,7,9,10,13,31,35,24,3722322844,51698929,1395697,50000,5000
672,2015.10.17,8,21,28,31,36,45,43,1754745000,57219946,1615788,50000,5000
673,2015.10.24,7,10,17,29,33,44,5,1491453300,71021586,1333560,50000,5000
674,2015.10.31,9,10,14,25,27,31,11,1770565500,49182375,1278849,50000,5000
675,2015.11.07,1,8,11,15,18,45,7,3514549032,36046657,1297361,50000,5000
676,2015.11.14,1,8,17,34,39,45,27,1879726500,39782572,1505287,50000,5000
677,2015.11.21,12,15,24,36,41,44,42,1921114407,69229348,1505871,50000,5000
678,2015.11.28,4,5,6,12,25,37,45,2288490188,55816834,1233688,50000,5000
679,2015.12.05,3,5,7,14,26,34,35,2863005600,44182186,1304450,50000,5000
680,2015.12.12,4,10,19,29,32,42,30,1110570563,58893894,1385739,50000,5000
681,2015.12.19,21,24,27,29,43,44,7,2696328938,72873756,1871152,50000,5000
682,2015.12.26,17,23,27,35,38,43,2,4063713563,48377543,1463611,50000,5000
683,2016.01.02,6,13,20,27,28,40,15,1010930883,59907016,996974,50000,5000
684,2016.01.09,1,11,15,17,25,39,40,1688815709,40858445,1287208,50000,5000
685,2016.01.16,6,7,12,28,38,40,18,1494367671,52686040,1434385,50000,5000
686,2016.01.23,7,12,15,24,25,43,13,1937531719,71760435,1386676,50000,5000
687,2016.01.30,1,8,10,13,28,42,45,2720029313,71579719,1528107,50000,5000
688,2016.02.06,5,15,22,23,34,35,2,1967536750,55685003,1400715,50000,5000
689,2016.02.13,7,17,19,30,36,38,34,2321775911,61562241,1497368,50000,5000
690,2016.02.20,24,25,33,34,38,39,43,1126507625,82831444,1589317,50000,5000
691,2016.02.27,15,27,33,35,43,45,16,2839296750,91590218,1662352,50000,5000
692,2016.03.05,3,11,14,15,32,36,44,2301273697,61018621,1516848,50000,5000
693,2016.03.12,1,6,11,28,34,42,30,1642763813,63673016,1618168,50000,5000
694,2016.03.19,7,15,20,25,33,43,12,1555036388,33227274,1133739,50000,5000
695,2016.03.26,4,18,26,33,34,38,14,1450214830,40283746,1343471,50000,5000
696,2016.04.02,1,7,16,18,34,38,21,1632054413,61820243,1580530,50000,5000
697,2016.04.09,2,5,8,11,33,39,31,1531443038,28360057,1315673,50000,5000
698,2016.04.16,3,11,13,21,33,37,18,1921084125,53363448,1226746,50000,5000
699,2016.04.23,4,5,8,16,21,29,3,1995411375,53210970,1478905,50000,5000
700,2016.04.30,11,23,28,29,30,44,13,2082099188,67710543,1777294,50000,5000
701,2016.05.07,3,10,14,16,36,38,35,1583183175,65965966,1590500,50000,5000
702,2016.05.14,3,13,16,24,26,29,9,1465091387,58391324,1476636,50000,5000
703,2016.05.21,10,28,31,33,41,44,21,3235784100,52872290,1568637,50000,5000
704,2016.05.28,1,4,8,23,33,42,45,3865190344,54825395,1351938,50000,5000
705,2016.06.04,1,6,17,22,28,45,23,3987206532,54247708,1472653,50000,5000
706,2016.06.11,3,4,6,10,28,30,37,3831746063,50088184,1211811,50000,5000
707,2016.06.18,2,12,19,24,39,44,35,1322167313,35734252,1318213,50000,5000
708,2016.06.25,2,10,16,19,34,45,1,4099552219,52558362,1596399,50000,5000
709,2016.07.02,10,18,30,36,39,44,32,1165271625,61794708,1603165,50000,5000
710,2016.07.09,3,4,9,24,25,33,10,2895441150,42331011,1212497,50000,5000
711,2016.07.16,11,15,24,35,37,45,42,2277413358,60385961,1424656,50000,5000
712,2016.07.23,17,20,30,31,33,45,19,4034485125,57226740,1557416,50000,5000
713,2016.07.30,2,5,15,18,19,23,44,1714720917,51441628,1436115,50000,5000
714,2016.08.06,1,7,22,33,37,40,20,2085131733,52883776,1198943,50000,5000
715,2016.08.13,2,7,27,33,41,44,10,2605510438,42713286,1391090,50000,5000
716,2016.08.20,2,6,13,16,29,30,21,1358752157,77642981,1559096,50000,5000
717,2016.08.27,2,11,19,25,28,32,44,2702433688,57498590,1369015,50000,5000
718,2016.09.03,4,11,20,23,32,39,40,926166464,41002162,1091572,50000,5000
719,2016.09.10,4,8,13,19,20,43,26,1879581334,48609863,1395729,50000,5000
720,2016.09.17,1,12,29,34,36,37,41,1233770358,77805338,1619122,50000,5000
721,2016.09.24,1,28,35,41,43,44,31,2273767360,75792246,1886553,50000,5000
722,2016.10.01,12,14,21,30,39,43,45,4365422719,63266996,1724101,50000,5000
723,2016.10.08,20,30,33,35,36,44,22,2114365360,70478846,1586469,50000,5000
724,2016.10.15,2,8,33,35,37,41,14,1427789813,51919630,1557873,50000,5000
725,2016.10.22,6,7,19,21,41,43,38,1579217250,61600673,1612943,50000,5000
726,2016.10.29,1,11,21,23,34,44,24,1166872634,48619694,1297143,50000,5000
727,2016.11.05,7,8,10,19,21,31,20,1115107742,29907105,1260620,50000,5000
728,2016.11.12,3,6,10,30,34,37,36,3243464400,48265840,1446168,50000,5000
729,2016.11.19,11,17,21,26,36,45,16,4198250719,79966681,1492712,50000,5000
730,2016.11.26,4,10,14,15,18,22,39,2017382110,59774285,1544999,50000,5000
731,2016.12.03,2,7,13,25,42,45,39,2340471054,60678880,1431106,50000,5000
732,2016.12.10,2,4,5,17,27,32,43,2203270608,57121831,1247202,50000,5000
733,2016.12.17,11,24,32,33,35,40,13,4016725125,46979242,1362064,50000,5000
734,2016.12.24,6,16,37,38,41,45,18,1949395500,81224813,1663307,50000,5000
735,2016.12.31,5,10,13,27,37,41,4,1847231588,61574387,1356862,50000,5000
736,2017.01.07,2,11,17,18,21,27,6,3397362225,52428430,1258283,50000,5000
737,2017.01.14,13,15,18,24,27,41,11,4283061000,59486959,1474122,50000,5000
738,2017.01.21,23,27,28,38,42,43,36,1634191091,62417021,1826840,50000,5000
739,2017.01.28,7,22,29,33,34,35,30,4744122282,70283294,1628604,50000,5000
740,2017.02.04,4,8,9,16,17,19,31,936929792,65367195,1148668,50000,5000
741,2017.02.11,5,21,27,34,44,45,16,3043595938,55338108,1664077,50000,5000
742,2017.02.18,8,10,13,36,37,40,6,1111814813,67382716,1492870,50000,5000
743,2017.02.25,15,19,21,34,41,44,10,2608641000,66161185,1535527,50000,5000
744,2017.03.04,10,15,18,21,34,41,43,1155411575,47352934,1039414,50000,5000
745,2017.03.11,1,2,3,9,12,23,10,746822982,22631000,674272,50000,5000
746,2017.03.18,3,12,33,36,42,45,25,2038623709,52723027,1606059,50000,5000
747,2017.03.25,7,9,12,14,23,28,17,1903214584,48386812,1287696,50000,5000
748,2017.04.01,3,10,13,22,31,32,29,1928246542,49023218,1493222,50000,5000
749,2017.04.08,12,14,24,26,34,45,41,1350104395,45706660,1473666,50000,5000
750,2017.04.15,1,2,15,19,24,36,12,2522104286,66873978,1653994,50000,5000
751,2017.04.22,3,4,16,20,28,44,17,2097968110,40540447,1265743,50000,5000
752,2017.04.29,4,16,20,33,40,43,7,1870358834,37407177,1377966,50000,5000
753,2017.05.06,2,17,19,24,37,41,3,2711105063,46743191,1401813,50000,5000
754,2017.05.13,2,8,17,24,29,31,32,3427542000,57125700,1538947,50000,5000
755,2017.05.20,13,14,26,28,30,36,37,2214427266,54677217,1600309,50000,5000
756,2017.05.27,10,14,16,18,27,28,4,3414434700,53686081,1524846,50000,5000
757,2017.06.03,6,7,11,17,33,44,1,739839858,38079993,974573,50000,5000
758,2017.06.10,5,9,12,30,39,43,24,2078969954,43999365,1277401,50000,5000
759,2017.06.17,9,33,36,40,42,43,32,3032670500,68924330,1722130,50000,5000
760,2017.06.24,10,22,27,31,42,43,12,2253299391,66764427,1717782,50000,5000
761,2017.07.01,4,7,11,24,42,45,30,2392730518,53683057,1305058,50000,5000
762,2017.07.08,1,3,12,21,26,41,16,1631432063,51302896,1330261,50000,5000
763,2017.07.15,3,8,16,32,34,43,10,2138130000,63352000,1412006,50000,5000
764,2017.07.22,7,22,24,31,34,36,15,2459975465,65226623,1504178,50000,5000
765,2017.07.29,1,3,8,12,42,43,33,1109214250,51352512,1307419,50000,5000
766,2017.08.05,9,30,34,35,39,41,21,2173637297,70687392,1671386,50000,5000
767,2017.08.12,5,15,20,31,34,42,22,1163768725,63248301,1527256,50000,5000
768,2017.08.19,7,27,29,30,38,44,4,1363572260,55743521,1597841,50000,5000
769,2017.08.26,5,7,11,16,41,45,4,1930760042,52657093,1476117,50000,5000
770,2017.09.02,1,9,12,23,39,43,34,2163099329,38455100,1252882,50000,5000
771,2017.09.09,6,10,17,18,21,29,30,4362644907,59355714,1415984,50000,5000
772,2017.09.16,5,6,11,14,21,41,32,1769608838,55648077,1455032,50000,5000
773,2017.09.23,8,12,19,21,31,35,44,1609403080,50871937,1409061,50000,5000
774,2017.09.30,12,15,18,28,34,42,9,1709721512,52241491,1602500,50000,5000
775,2017.10.07,11,12,29,33,38,42,17,3470437650,78163011,1682392,50000,5000
776,2017.10.14,8,9,18,21,28,40,20,2557579393,59676853,1491176,50000,5000
777,2017.10.21,6,12,17,21,34,37,18,833468036,44199063,1208926,50000,5000
778,2017.10.28,6,21,35,36,37,41,11,6264069500,46746788,1809379,50000,5000
779,2017.11.04,6,12,19,24,34,41,4,1527709296,42436370,1118978,50000,5000
780,2017.11.11,15,17,19,21,27,45,16,1667520137,67936006,1818632,50000,5000
781,2017.11.18,11,16,18,19,24,39,43,1882891542,54314180,1435861,50000,5000
782,2017.11.25,6,18,31,34,38,45,20,1946487625,59586356,1426347,50000,5000
783,2017.12.02,14,15,16,17,38,45,36,4603964625,85258605,1642221,50000,5000
784,2017.12.09,3,10,23,24,31,39,22,1908678000,56137589,1268506,50000,5000
785,2017.12.16,4,6,15,25,26,33,40,2886622688,52484049,1463805,50000,5000
786,2017.12.23,12,15,16,20,24,30,38,4551365250,31606704,1470080,50000,5000
787,2017.12.30,5,6,13,16,27,28,9,3092108313,60629575,1321979,50000,5000
788,2018.01.06,2,10,11,19,35,39,29,1401475154,43378993,1345384,50000,5000
789,2018.01.13,2,6,7,12,19,45,38,1140976825,40749173,1170473,50000,5000
790,2018.01.20,3,8,19,27,30,41,12,1160516274,52452713,1280394,50000,5000
791,2018.01.27,2,10,12,31,33,42,32,1253081893,76943625,1213219,50000,5000
792,2018.02.03,2,7,19,25,29,36,16,2655736768,47667071,1582411,50000,5000
793,2018.02.10,10,15,21,35,38,43,31,3750146775,51231514,1529674,50000,5000
794,2018.02.17,6,7,18,19,30,38,13,2650940304,68728082,1186331,50000,5000
795,2018.02.24,3,10,13,26,34,38,36,1714977000,50711686,1297617,50000,5000
796,2018.03.03,1,21,26,36,40,41,5,2763490340,70088524,1678331,50000,5000
797,2018.03.10,5,22,31,32,39,45,36,2397028125,94001103,1710941,50000,5000
798,2018.03.17,2,10,14,22,32,36,41,2710791911,52709843,1488979,50000,5000
799,2018.03.24,12,17,23,34,42,45,33,1826427225,54357954,1357737,50000,5000
800,2018.03.31,1,4,10,12,28,45,26,1632246205,58675518,1373315,50000,5000
801,2018.04.07,17,25,28,37,43,44,2,2256786657,59000959,1505278,50000,5000
802,2018.04.14,10,11,12,18,24,42,27,1082947993,43102408,1308501,50000,5000
803,2018.04.21,5,9,14,26,30,43,2,3663810225,61063504,1458059,50000,5000
804,2018.04.28,1,10,13,26,32,36,9,1631996523,61061095,1460935,50000,5000
805,2018.05.05,3,12,13,18,31,32,42,4266061969,53661157,1370623,50000,5000
806,2018.05.12,14,20,23,31,37,38,27,2640760875,54050662,1665345,50000,5000
807,2018.05.19,6,10,18,25,34,35,33,2437662322,48202363,1226365,50000,5000
808,2018.05.26,15,21,31,32,41,43,24,3087620500,67122185,1573711,50000,5000
809,2018.06.02,6,11,15,17,23,40,39,2921372750,52167371,1340695,50000,5000
810,2018.06.09,5,10,13,21,39,43,11,2231598047,46491626,1449325,50000,5000
811,2018.06.16,8,11,19,21,36,45,25,2524148197,60098767,1369057,50000,5000
812,2018.06.23,1,3,12,14,16,43,10,2947954750,43352276,1491880,50000,5000
813,2018.06.30,11,30,34,35,42,44,27,4591763157,71190127,1700654,50000,5000
814,2018.07.07,2,21,28,38,42,45,30,3067192063,58984463,1673319,50000,5000
815,2018.07.14,17,21,25,26,27,36,4,2579855358,77175161,1767371,50000,5000
816,2018.07.21,12,18,19,29,31,39,7,2128107938,42350407,1374747,50000,5000
817,2018.07.28,3,9,12,13,25,43,34,1868477334,51902149,1355279,50000,5000
818,2018.08.04,14,15,25,28,29,30,3,1380804318,76711351,1621541,50000,5000
819,2018.08.11,16,25,33,38,40,45,15,2594534840,61774640,1527995,50000,5000
820,2018.08.18,10,21,22,30,35,42,6,4627313532,51414595,1552530,50000,5000
821,2018.08.25,1,12,13,24,29,44,16,1316155956,55836920,1462396,50000,5000
822,2018.09.01,9,18,20,24,27,36,12,5930898625,37537334,1377357,50000,5000
823,2018.09.08,12,18,24,26,39,40,15,2009843917,49422392,1283972,50000,5000
824,2018.09.15,7,9,24,29,34,38,26,1256646550,61600322,1491746,50000,5000
825,2018.09.22,8,15,21,31,33,38,42,1658710563,62592852,1475065,50000,5000
826,2018.09.29,13,16,24,25,33,36,42,2075192084,66229535,1394619,50000,5000
827,2018.10.06,5,11,12,29,33,44,14,1206500375,65570673,1427474,50000,5000
828,2018.10.13,4,7,13,29,31,39,18,1455185972,50853274,1602085,50000,5000
829,2018.10.20,4,5,31,35,43,45,29,2444650641,72434094,1774379,50000,5000
830,2018.10.27,5,6,16,18,37,38,17,2060528750,38634915,1442948,50000,5000
831,2018.11.03,3,10,16,19,31,39,9,1110702258,48555290,1113486,50000,5000
832,2018.11.10,13,14,19,26,40,43,30,2088204584,52205115,1465750,50000,5000
833,2018.11.17,12,18,30,39,41,42,19,2356317282,59278423,1615299,50000,5000
834,2018.11.24,6,8,18,35,42,43,3,1690693671,65949044,1575804,50000,5000
835,2018.12.01,9,10,13,28,38,45,35,1233681125,53175911,1337469,50000,5000
836,2018.12.08,1,9,11,14,26,28,19,1257843670,47338203,1316130,50000,5000
837,2018.12.15,2,25,28,30,33,45,6,3144449125,66903173,1562848,50000,5000
838,2018.12.22,9,14,17,33,36,38,20,3813733050,46736925,1431582,50000,5000
839,2018.12.29,3,9,11,12,13,19,35,1359454904,61364284,1105663,50000,5000
840,2019.01.05,2,4,11,28,29,43,27,2042961788,66763458,1496676,50000,5000
841,2019.01.12,5,11,14,30,33,38,24,1116095714,35934900,1269989,50000,5000
842,2019.01.19,14,26,32,36,39,42,38,2035475025,80772819,1663786,50000,5000
843,2019.01.26,19,21,30,33,34,42,4,4012970100,64310419,1670401,50000,5000
844,2019.02.02,7,8,13,15,33,45,18,1162963542,47793023,1450080,50000,5000
845,2019.02.09,1,16,29,33,40,45,6,1891217182,61914849,1701292,50000,5000
846,2019.02.16,5,18,30,41,43,45,13,1596884395,50143713,1732557,50000,5000
847,2019.02.23,12,16,26,28,30,42,22,2520846657,84028222,1375821,50000,5000
848,2019.03.02,1,2,16,22,38,39,34,3011580858,83655024,1665961,50000,5000
849,2019.03.09,5,13,17,29,34,39,3,1158252883,58602081,1223608,50000,5000
850,2019.03.16,16,20,24,28,36,39,5,3377587875,61410689,1669594,50000,5000
851,2019.03.23,14,18,22,26,31,44,40,2483692313,47308425,1576197,50000,5000
852,2019.03.30,11,17,28,30,33,35,9,4801543407,47776552,1375013,50000,5000
853,2019.04.06,2,8,23,26,27,44,13,2885006786,37398237,1667910,50000,5000
854,2019.04.13,20,25,31,32,36,43,3,3421706750,77766063,1834696,50000,5000
855,2019.04.20,8,15,17,19,43,44,7,2269510500,55807636,1683614,50000,5000
856,2019.04.27,10,24,40,41,43,44,17,3977927550,62546031,1700842,50000,5000
857,2019.05.04,6,10,16,28,34,38,43,1284915425,51811106,1357114,50000,5000
858,2019.05.11,9,13,32,38,39,43,23,2202347459,80573688,1592059,50000,5000
859,2019.05.18,8,22,35,38,39,41,24,1853927489,66644453,1793598,50000,5000
860,2019.05.25,4,8,18,25,27,32,42,1879899825,50534942,1339533,50000,5000
861,2019.06.01,11,17,19,21,22,25,24,4872108844,49970348,1439749,50000,5000
862,2019.06.08,10,34,38,40,42,43,32,2190922709,52164827,1609395,50000,5000
863,2019.06.15,16,21,28,35,39,43,12,2853357322,52014327,1630224,50000,5000
864,2019.06.22,3,7,10,13,25,36,32,1716553637,49172110,1275645,50000,5000
865,2019.06.29,3,15,22,32,33,45,2,1551729145,64655382,1619499,50000,5000
866,2019.07.06,9,15,29,34,37,39,12,2240409000,49420787,1651408,50000,5000
867,2019.07.13,14,17,19,22,24,40,41,3933755250,57511042,1507186,50000,5000
868,2019.07.20,12,17,28,41,43,44,25,3233804250,53013185,1502698,50000,5000
869,2019.07.27,2,6,20,27,37,39,4,1922582588,57219720,1449912,50000,5000
870,2019.08.03,21,25,30,32,40,42,31,1928842988,66973715,1581279,50000,5000
871,2019.08.10,2,6,12,26,30,34,38,2718071358,51984972,1421374,50000,5000
872,2019.08.17,2,4,30,32,33,43,29,1262705579,73200324,1668591,50000,5000
873,2019.08.24,3,5,12,13,33,39,38,1874553225,45944932,1315476,50000,5000
874,2019.08.31,1,15,19,23,28,42,32,1117123917,49284879,1496149,50000,5000
875,2019.09.07,19,22,30,34,39,44,36,1415946724,100117446,1450341,50000,5000
876,2019.09.14,5,16,21,26,34,42,24,1090657856,58538134,1423054,50000,5000
877,2019.09.21,5,17,18,22,23,43,12,1716607188,45776192,1584317,50000,5000
878,2019.09.28,2,6,11,16,25,31,3,3207993500,46492660,1079769,50000,5000
879,2019.10.05,1,4,10,14,15,35,20,3206361313,41641057,1236069,50000,5000
880,2019.10.12,7,17,19,23,24,45,38,2837810465,63668825,1419717,50000,5000
881,2019.10.19,4,18,20,26,27,32,9,2503212282,49815170,1524722,50000,5000
882,2019.10.26,18,34,39,43,44,45,23,4127270400,78168000,1651966,50000,5000
883,2019.11.02,9,18,32,33,37,44,22,1360519525,52327675,1340150,50000,5000
884,2019.11.09,4,14,23,28,37,45,17,1799077282,48623711,1630338,50000,5000
885,2019.11.16,1,3,24,27,39,45,31,1543832568,59731618,1467737,50000,5000
886,2019.11.23,19,23,28,37,42,45,2,2974643786,58820640,1621691,50000,5000
887,2019.11.30,8,14,17,27,36,45,10,2535268688,51217550,1415561,50000,5000
888,2019.12.07,3,7,12,31,34,38,32,2370359204,53567440,1288414,50000,5000
889,2019.12.14,3,13,29,38,39,42,26,2108986950,58582971,1503413,50000,5000
890,2019.12.21,1,4,14,18,29,37,6,2335486167,60400505,1474424,50000,5000
891,2019.12.28,9,13,28,31,39,41,19,3082673947,46707182,1472147,50000,5000
892,2020.01.04,4,9,17,18,26,42,36,1282017464,46569011,1340858,50000,5000
893,2020.01.11,1,15,17,23,25,41,10,2377433625,61485353,1687720,50000,5000
894,2020.01.18,19,32,37,40,41,43,45,2377935959,63694714,1530204,50000,5000
895,2020.01.25,16,26,31,38,39,41,23,1928079219,66485491,1402240,50000,5000
896,2020.02.01,5,12,25,26,38,45,23,3053222036,77436791,1377453,50000,5000
897,2020.02.08,6,7,12,22,26,36,29,1619922520,56610196,1463650,50000,5000
898,2020.02.15,18,21,28,35,37,42,17,2639313235,62840792,1086138,50000,5000
899,2020.02.22,8,19,20,21,33,39,37,3359356063,63384077,1398567,50000,5000
900,2020.02.29,7,13,16,18,35,38,14,3349851375,65683361,1404550,50000,5000
901,2020.03.07,5,18,20,23,30,34,21,2267974667,50775553,1473987,50000,5000
902,2020.03.14,7,19,23,24,36,39,30,1619317529,52365990,1479141,50000,5000
903,2020.03.21,2,15,16,21,22,28,45,1684582212,74488330,1575963,50000,5000
904,2020.03.28,2,6,8,26,43,45,11,2718077813,39392433,1550751,50000,5000
905,2020.04.04,3,4,16,27,38,40,20,3017862536,45725190,1332138,50000,5000
906,2020.04.11,2,5,14,28,31,32,20,2472607250,58871602,1565602,50000,5000
907,2020.04.18,21,27,29,38,40,44,37,3165059036,55112969,1605465,50000,5000
908,2020.04.25,3,16,21,22,23,44,30,2834856141,66312425,1749102,50000,5000
909,2020.05.02,7,24,29,30,34,35,33,2021062875,58814000,1599863,50000,5000
910,2020.05.09,1,11,17,27,35,39,31,941316375,45758435,1222943,50000,5000
911,2020.05.16,4,5,12,14,32,42,35,2113538625,60733869,1370115,50000,5000
912,2020.05.23,5,8,18,21,22,38,10,1493500581,49783353,1368212,50000,5000
913,2020.05.30,6,14,16,21,27,37,40,1338755602,54091136,1447108,50000,5000
914,2020.06.06,16,19,24,33,42,44,27,1950005557,65000186,1382983,50000,5000
915,2020.06.13,2,6,11,13,22,37,14,3518640500,55851437,1444434,50000,5000
916,2020.06.20,6,21,22,32,35,36,17,2025384341,53045781,1700186,50000,5000
917,2020.06.27,1,3,23,24,27,43,34,2144799638,76056725,1581711,50000,5000
918,2020.07.04,7,11,12,31,33,38,5,1117622646,38986837,1233580,50000,5000
919,2020.07.11,9,14,17,18,42,44,35,4305150450,64064739,1411896,50000,5000
920,2020.07.18,2,3,26,33,34,43,29,3120260197,68684973,1550385,50000,5000
921,2020.07.25,5,7,12,22,28,41,1,1232573405,48504047,1302123,50000,5000
922,2020.08.01,2,6,13,17,27,43,36,3417904500,38403422,1188423,50000,5000
923,2020.08.08,3,17,18,23,36,41,26,2667554625,63513206,1496945,50000,5000
924,2020.08.15,3,11,34,42,43,44,13,2382430667,51791972,1625863,50000,5000
925,2020.08.22,13,24,32,34,39,42,4,1771080532,52090604,1516986,50000,5000
926,2020.08.29,10,16,18,20,25,31,6,2032490663,47048395,1158907,50000,5000
927,2020.09.05,4,15,22,38,41,43,26,3714203875,58955618,1593396,50000,5000
928,2020.09.12,3,4,10,20,28,44,30,3134591358,45148436,1385761,50000,5000
929,2020.09.19,7,9,12,15,19,23,4,1308035157,38330701,1151947,50000,5000
930,2020.09.26,8,21,25,38,39,44,28,2832418829,68664699,1360432,50000,5000
931,2020.10.03,14,15,23,25,35,43,32,2957108063,73015014,1518803,50000,5000
932,2020.10.10,1,6,15,36,37,38,5,3390022983,61797294,1634309,50000,5000
933,2020.10.17,23,27,29,31,36,45,37,2927797079,61963960,1762407,50000,5000
934,2020.10.24,1,3,30,33,36,39,12,5765772844,58240130,1629440,50000,5000
935,2020.10.31,4,10,20,32,38,44,18,1711055424,30894057,1263992,50000,5000
936,2020.11.07,7,11,13,17,18,29,43,1492069179,45214218,1215606,50000,5000
937,2020.11.14,2,10,13,22,29,40,26,2058420819,66206518,1521683,50000,5000
938,2020.11.21,4,8,10,16,31,36,9,2249466563,58579859,1481277,50000,5000
939,2020.11.28,4,11,28,39,42,45,6,1708363039,55245571,1380110,50000,5000
940,2020.12.05,3,15,20,22,24,41,11,2846071079,74407088,1629353,50000,5000
941,2020.12.12,12,14,25,27,39,40,35,1347297422,41296473,1097037,50000,5000
942,2020.12.19,10,12,18,35,42,43,39,3761680313,72340007,1521101,50000,5000
943,2020.12.26,1,8,13,36,44,45,39,3435045108,54156117,1472283,50000,5000
944,2021.01.02,2,13,16,19,32,33,42,1961836356,53805639,1390464,50000,5000
945,2021.01.09,9,10,15,30,33,37,26,1765554491,53878424,1536293,50000,5000
946,2021.01.16,9,18,19,30,34,40,20,2157656182,55714127,1341371,50000,5000
947,2021.01.23,3,8,17,20,27,35,26,1275855750,65992539,1202881,50000,5000
948,2021.01.30,13,18,30,31,38,41,5,2188548716,44581548,1381184,50000,5000
949,2021.02.06,14,21,35,36,40,44,30,2458569713,63040250,1579652,50000,5000
950,2021.02.13,3,4,15,22,28,40,10,3281920500,65311851,1516249,50000,5000
951,2021.02.20,2,12,30,31,39,43,38,1747552661,56633652,1402692,50000,5000
952,2021.02.27,4,12,22,24,33,41,38,2713699834,43769353,1339438,50000,5000
953,2021.03.06,7,9,22,27,37,42,34,1640636009,37530890,1169616,50000,5000
954,2021.03.13,1,9,26,28,30,41,32,2478795900,64551977,1554884,50000,5000
955,2021.03.20,4,9,23,26,29,33,8,2023170188,56990710,1526921,50000,5000
956,2021.03.27,10,11,20,21,25,41,40,2022982671,27270600,1214806,50000,5000
957,2021.04.03,4,15,24,35,36,40,1,2126634137,63915234,1375249,50000,5000
958,2021.04.10,2,9,10,16,35,37,1,1596119675,59556705,1615506,50000,5000
959,2021.04.17,1,14,15,24,40,41,35,3015312891,53605563,1606882,50000,5000
960,2021.04.24,2,18,24,30,32,45,14,2401133213,71462298,1557762,50000,5000
961,2021.05.01,11,20,29,31,33,42,43,2575231209,52915710,1422256,50000,5000
962,2021.05.08,1,18,28,31,34,43,40,1940906094,53175510,1503996,50000,5000
963,2021.05.15,6,12,19,23,34,42,35,1476478125,54282285,1176665,50000,5000
964,2021.05.22,6,21,36,38,39,43,30,2345861063,75187855,1597781,50000,5000
965,2021.05.29,2,13,25,28,29,36,34,3403348929,86316821,1662024,50000,5000
966,2021.06.05,1,21,25,29,34,37,36,2411303513,80376784,1708691,50000,5000
967,2021.06.12,1,6,13,37,38,40,9,5809776094,56133103,1564923,50000,5000
968,2021.06.19,2,5,12,14,24,39,33,1667729683,37251694,1159633,50000,5000
969,2021.06.26,3,9,10,29,40,45,7,1149427894,68418328,1455157,50000,5000
970,2021.07.03,9,11,16,21,28,36,5,1611544045,43221488,1516850,50000,5000
971,2021.07.10,2,6,17,18,21,26,7,3725880250,60094843,1387665,50000,5000
972,2021.07.17,3,6,17,23,37,39,26,1124886244,46870261,1458997,50000,5000
973,2021.07.24,22,26,31,37,41,42,24,2912742750,92468024,1720717,50000,5000
974,2021.07.31,1,2,11,16,39,44,32,1317034523,56539361,1415629,50000,5000
975,2021.08.07,7,8,9,17,22,24,5,2440410375,60010092,1294419,50000,5000
976,2021.08.14,4,12,14,25,35,37,2,3243867215,54847997,1226747,50000,5000
977,2021.08.21,2,9,10,14,22,44,16,1669905911,47517648,1574959,50000,5000
978,2021.08.28,1,7,15,32,34,42,8,2373391388,56509319,1399736,50000,5000
979,2021.09.04,7,11,16,21,27,33,24,1606400518,47446429,1097911,50000,5000
980,2021.09.11,3,13,16,23,24,35,14,3409443215,56824054,1411027,50000,5000
981,2021.09.18,27,36,37,41,43,45,32,1992863193,66428774,1528991,50000,5000
982,2021.09.25,5,7,13,20,21,44,33,3023630672,49771699,1375472,50000,5000
983,2021.10.02,13,23,26,31,35,43,15,2503422225,53491928,1580444,50000,5000
984,2021.10.09,3,10,23,35,36,37,18,3453006268,62945427,1551814,50000,5000
985,2021.10.16,17,21,23,30,34,44,19,2434752975,65450349,1572229,50000,5000
986,2021.10.23,7,10,16,28,41,42,40,2375275125,56554170,1417398,50000,5000
987,2021.10.30,2,4,15,23,29,38,7,2378711625,54308485,1335755,50000,5000
988,2021.11.06,2,13,20,30,31,41,27,2678489375,65864493,1508725,50000,5000
989,2021.11.13,17,18,21,27,29,33,26,5826768563,61658927,1589408,50000,5000
990,2021.11.20,2,4,25,26,36,37,28,1740095277,72503970,1420652,50000,5000
991,2021.11.27,13,18,25,31,33,44,38,2904166032,35202013,1304218,50000,5000
992,2021.12.04,12,20,26,33,44,45,24,1986955563,68515710,1674636,50000,5000
993,2021.12.11,6,14,16,18,24,42,44,3991197063,57017101,1460907,50000,5000
994,2021.12.18,1,3,8,24,27,35,28,1861582063,53188059,1328279,50000,5000
995,2021.12.25,1,4,13,29,38,39,7,3447271875,58287206,1439964,50000,5000
996,2022.01.01,6,11,15,24,32,39,28,1491185771,52018109,1350305,50000,5000
997,2022.01.08,4,7,14,16,24,44,20,1253749560,46708317,1075354,50000,5000
998,2022.01.15,13,17,18,20,42,45,41,2076499657,78358478,1568354,50000,5000
999,2022.01.22,1,3,9,14,18,28,34,1513274790,60229843,1371186,50000,5000
1000,2022.01.29,2,8,19,22,32,42,39,1246819620,41941945,1137798,50000,5000
1001,2022.02.05,6,10,12,14,20,42,15,2077279594,62947867,1504730,50000,5000
1002,2022.02.12,17,25,33,35,38,45,15,3088449563,48446268,1289676,50000,5000
1003,2022.02.19,1,4,29,39,43,45,31,1811116822,64029383,1595297,50000,5000
1004,2022.02.26,7,15,30,37,39,44,18,2576251913,63143430,1541743,50000,5000
1005,2022.03.05,8,13,18,24,27,29,17,2061199344,49076175,1473338,50000,5000
1006,2022.03.12,8,11,15,16,17,37,36,2855602125,65898511,1722318,50000,5000
1007,2022.03.19,8,11,16,19,21,25,40,2718786375,58259709,1433960,50000,5000
1008,2022.03.26,9,11,30,31,41,44,33,2267377910,42854222,1470935,50000,5000
1009,2022.04.02,15,23,29,34,40,44,20,1702462825,61683436,1617081,50000,5000
1010,2022.04.09,9,12,15,25,34,36,3,3119380079,63017780,1495568,50000,5000
1011,2022.04.16,1,9,12,26,35,38,42,2220348512,53561039,1444514,50000,5000
